plot_id,predicted_yield_tons_per_ha
PLOT-017296,3.2410067147021793
PLOT-017259,2.2820262126649165
PLOT-016178,2.8921566499570166
PLOT-018610,2.804077756589897
PLOT-015109,2.2631063541323186
PLOT-016351,2.7229424254404146
PLOT-017917,1.998748476689661
PLOT-016422,2.288916962471484
PLOT-018085,2.84568130013703
PLOT-015051,3.3856587385513404
PLOT-018124,1.4432067715100432
PLOT-016442,2.478492340280951
PLOT-016032,2.1484125235353773
PLOT-016414,3.240251169773502
PLOT-018385,3.1066033477499553
PLOT-015539,6.388703988109615
PLOT-018115,3.8606968951378406
PLOT-017927,2.846733365425844
PLOT-015687,3.030467909643178
PLOT-015584,0.9205234777954365
PLOT-015219,2.8828432975757328
PLOT-016803,2.277997233975797
PLOT-015474,2.2756222290497323
PLOT-017984,3.606041559728369
PLOT-017147,2.31478497971036
PLOT-017440,1.7205787318996044
PLOT-018208,2.5006075908577756
PLOT-016703,1.471468051436142
PLOT-015643,2.2032604538956027
PLOT-016058,2.035157552995172
PLOT-015075,0.7487527077033157
PLOT-016661,0.8105913029759881
PLOT-018508,5.548851018870504
PLOT-017437,2.4215764720662043
PLOT-017258,4.497474703703979
PLOT-017063,2.944181214886227
PLOT-017838,3.2167260157665867
PLOT-017079,0.7538900985921837
PLOT-015569,3.5931156250260683
PLOT-016146,3.1793024268366366
PLOT-016884,5.010140051638972
PLOT-016578,0.8295403285985725
PLOT-017559,2.456274001595969
PLOT-017720,4.2142783027533826
PLOT-015369,2.2457761407668695
PLOT-017876,4.450250910622354
PLOT-017847,4.4313419445939894
PLOT-017730,0.5668319211111476
PLOT-015531,2.4701854152376232
PLOT-015062,3.2726076748193984
PLOT-015438,3.357258457981443
PLOT-018698,2.9623131548894284
PLOT-016680,2.151824884202578
PLOT-017845,3.5858678938701667
PLOT-015412,0.6946324027594325
PLOT-018488,3.638419048881647
PLOT-015774,2.546682717681175
PLOT-017199,5.246288393593828
PLOT-018697,4.3801682565190925
PLOT-016729,2.4496594474723032
PLOT-017556,0.8668083762364507
PLOT-018475,2.257108142872327
PLOT-016568,0.8796855669893975
PLOT-017444,2.1902712489730423
PLOT-015186,4.587361741195298
PLOT-015262,3.398733200951349
PLOT-017650,1.424403360561049
PLOT-016963,5.9804743735618855
PLOT-017561,1.144570207009687
PLOT-015259,5.06552490822769
PLOT-016841,2.9127535065936816
PLOT-015400,5.144064305514588
PLOT-017374,3.3615998903808904
PLOT-015098,4.4274449261987305
PLOT-015360,2.0844614912941983
PLOT-015196,2.6097777721232194
PLOT-018417,2.2333815973551574
PLOT-015807,3.275958348751784
PLOT-015684,2.38560663765878
PLOT-017498,2.3348841834709306
PLOT-017369,2.9599647141145122
PLOT-017803,1.0860563723428924
PLOT-015637,3.51493567933364
PLOT-017933,2.111517174591844
PLOT-016271,1.3144728737941647
PLOT-016297,2.4483661094790774
PLOT-016902,2.452910995484817
PLOT-016443,1.1256986632512862
PLOT-016082,2.1066979076474746
PLOT-017071,3.6887039394451517
PLOT-017173,2.3589792114173465
PLOT-016550,3.1075705256909276
PLOT-018477,2.8826208307699455
PLOT-016395,3.560031257724646
PLOT-015694,2.1468968767131766
PLOT-017865,1.1782688091709859
PLOT-016675,3.000491221845786
PLOT-015961,2.359737962496277
PLOT-016334,3.2162498829784907
PLOT-015767,2.759407271421781
PLOT-018394,2.9429648763305516
PLOT-016209,2.072316527179213
PLOT-018458,2.514656783605883
PLOT-016268,2.73657860407993
PLOT-017460,3.4669365697712977
PLOT-017620,2.03670725636166
PLOT-017019,1.8034081492632965
PLOT-016195,4.699950860923941
PLOT-018158,2.1766458387617997
PLOT-016354,2.0996348054650005
PLOT-017348,5.136888894448937
PLOT-017165,2.823756783422327
PLOT-015433,1.151775291341649
PLOT-018119,1.2659649102355042
PLOT-016625,1.9093580098369236
PLOT-017493,4.322560122714612
PLOT-018521,1.1014176812003422
PLOT-018018,5.008097226558262
PLOT-015445,0.782163892428983
PLOT-017119,3.993955221342471
PLOT-016753,4.609942602359896
PLOT-015479,2.336857076094099
PLOT-018129,3.446755207848038
PLOT-018629,4.242890192787436
PLOT-015892,2.230550527469777
PLOT-015511,2.3027667706148542
PLOT-018165,2.5955265064218582
PLOT-017848,1.4795577837649585
PLOT-015571,2.5115249869721525
PLOT-017061,3.2729657441771165
PLOT-015030,3.095025573964683
PLOT-015359,2.362745630844258
PLOT-016740,2.6967020444805088
PLOT-016389,2.533694567176289
PLOT-018489,2.054019618498128
PLOT-017813,2.7182993299121714
PLOT-016371,2.952877865247167
PLOT-017553,2.606729559201658
PLOT-016251,1.4361137520515066
PLOT-015848,1.7386869393692987
PLOT-018369,5.524443855045614
PLOT-016905,2.1550739406658415
PLOT-015985,3.1447775127439885
PLOT-018339,4.596620369861449
PLOT-016667,2.7510283014928425
PLOT-017321,3.5702200157604396
PLOT-015440,3.4965545220634953
PLOT-015095,2.0905506568267187
PLOT-015414,4.296482169353867
PLOT-017447,1.271755745093278
PLOT-015087,3.0592508723663556
PLOT-015616,1.8166165271542085
PLOT-018527,2.220760915818922
PLOT-015638,3.5135260005087834
PLOT-018196,1.0993986659058537
PLOT-017701,4.198264071347917
PLOT-015651,1.1556309989844895
PLOT-016284,2.5403969334106136
PLOT-017277,4.590288244082768
PLOT-018362,1.995408642998444
PLOT-017940,3.3348417561906585
PLOT-018036,2.4404786095894138
PLOT-017892,1.457030451088066
PLOT-015358,1.7917969047058189
PLOT-018341,4.581842556979681
PLOT-015115,3.622218965100743
PLOT-016758,1.4092713083358381
PLOT-017074,1.3122418298546412
PLOT-018714,2.9816065567024546
PLOT-015883,4.029390998659543
PLOT-017053,4.013084609634541
PLOT-015124,1.6693491951554371
PLOT-017727,3.3091345136671304
PLOT-015858,2.6176561029566248
PLOT-017534,3.047639896945054
PLOT-016114,2.319095568045081
PLOT-018558,1.135546896554312
PLOT-015070,1.698514545498649
PLOT-017776,2.0255694505186463
PLOT-015415,1.0002597561914066
PLOT-016054,2.8306932364330923
PLOT-015737,2.7555607287041037
PLOT-016136,1.795984623869717
PLOT-017466,2.36904669896707
PLOT-016263,1.6069461041890156
PLOT-016684,3.659521502990918
PLOT-016002,3.2036578554387405
PLOT-015732,2.1290705570204254
PLOT-017092,2.7562991038967084
PLOT-015561,2.1080443197869316
PLOT-016611,2.3540923826537905
PLOT-018737,2.554231226440733
PLOT-016298,2.7302946400343897
PLOT-016218,2.0154335101414955
PLOT-017167,5.080053404695185
PLOT-018161,3.9179736399642215
PLOT-018476,2.970106892827852
PLOT-017875,2.5680769807251638
PLOT-015868,2.4276550187973136
PLOT-017646,0.7380697601372604
PLOT-017200,1.9185239088644948
PLOT-015194,5.098969550682075
PLOT-017095,1.4258540626494818
PLOT-016283,2.706982876812964
PLOT-016303,2.3357130915242252
PLOT-018517,3.0857873802540263
PLOT-015964,3.169065690553139
PLOT-017386,2.600656930128581
PLOT-016363,3.0514711043158393
PLOT-015181,2.1064784479982683
PLOT-018094,3.1975011989577107
PLOT-017138,2.3728679483129747
PLOT-015200,2.2142309757382335
PLOT-017829,4.134160981874362
PLOT-016961,1.1734624326708105
PLOT-017908,3.5652099486388145
PLOT-016787,0.095211274195879
PLOT-018491,2.9709245238657336
PLOT-016010,4.417824054713878
PLOT-016937,4.275784701832574
PLOT-016140,2.586667987660216
PLOT-018552,2.6113505450547527
PLOT-015267,3.9042972106528717
PLOT-015375,3.1272908659244596
PLOT-017888,4.88873675454848
PLOT-015735,1.9508042102802123
PLOT-015699,1.1445729757533365
PLOT-016226,1.2493491973374502
PLOT-017731,2.876354107326818
PLOT-015370,1.3780421696088512
PLOT-015512,3.6519650813246445
PLOT-015729,0.9109535910670581
PLOT-018046,1.4378348149858908
PLOT-016197,0.8877381697696816
PLOT-016799,2.006413484507301
PLOT-016782,2.134106480818922
PLOT-018480,3.5662933441558775
PLOT-015325,1.8504739505491132
PLOT-018661,4.161907904968682
PLOT-018704,3.3094213394170446
PLOT-016825,4.248543759677624
PLOT-016125,3.7432289300872648
PLOT-016365,0.6967213567853797
PLOT-016892,3.2360764057776614
PLOT-018449,3.2400171153009243
PLOT-017066,1.4682159340315428
PLOT-015768,2.232621714670232
PLOT-015416,3.377348061491683
PLOT-017780,0.9555970182064759
PLOT-018493,2.100749340004551
PLOT-018003,3.1821626497755395
PLOT-017549,2.8534507419549033
PLOT-018739,4.383584450955045
PLOT-017926,1.900693683585915
PLOT-017827,2.2506195625263827
PLOT-018066,1.806984428500764
PLOT-017546,4.692650739162919
PLOT-016759,4.329123451120541
PLOT-016413,3.9574511036739155
PLOT-016748,5.392142009407984
PLOT-015377,1.2320911189875654
PLOT-016015,2.2788354419494232
PLOT-015546,3.835126896903092
PLOT-015691,2.3745035087864905
PLOT-015949,3.072657933086109
PLOT-018025,2.5602217812437336
PLOT-017024,3.220274171431011
PLOT-016559,3.05178580672394
PLOT-017764,1.1088210207806697
PLOT-015890,1.5882808779302717
PLOT-015060,2.7161061050606117
PLOT-016724,2.7157824387122633
PLOT-015632,4.201844403368836
PLOT-018226,1.686740633466194
PLOT-016599,1.1865359291854223
PLOT-017810,5.473826925712832
PLOT-016695,0.772196769064216
PLOT-016436,1.6063333889561537
PLOT-018083,3.3541553891820315
PLOT-016852,3.4877255244090777
PLOT-018076,2.6352433926688565
PLOT-017576,1.5104895485518115
PLOT-017359,2.4216435954666093
PLOT-017696,3.8255459804391867
PLOT-016238,4.654276264394271
PLOT-018309,3.1750282717341247
PLOT-018047,1.059062380987115
PLOT-015746,1.1601995133199419
PLOT-015328,2.0470018529870657
PLOT-018648,2.753358944426005
PLOT-018664,1.9261736546409733
PLOT-016989,3.3986398211824906
PLOT-015034,4.293158456694948
PLOT-018344,1.7377472586191458
PLOT-016784,4.6226238937326665
PLOT-016686,2.66218852060548
PLOT-016244,5.1812004223175245
PLOT-015449,2.2492610603498457
PLOT-017923,2.2490018035242665
PLOT-017916,0.9823171393383334
PLOT-016005,1.5163664124101748
PLOT-017699,3.100440485489824
PLOT-015718,4.880318181280773
PLOT-016621,0.8328880646570476
PLOT-017443,2.7421279914571635
PLOT-016364,1.1610766427344892
PLOT-015125,1.1972613772011367
PLOT-017639,1.6383112168008755
PLOT-017302,3.8448734002908176
PLOT-017345,7.592453856220561
PLOT-018486,3.6937096090508708
PLOT-016780,1.5272595660092974
PLOT-017402,0.8333294230271996
PLOT-016050,3.4792800817310767
PLOT-015701,4.845078568305394
PLOT-015340,4.1319648128764195
PLOT-018720,1.9346463618247434
PLOT-015187,1.5042260638185259
PLOT-015983,3.5980563020873157
PLOT-018244,1.6734212304949767
PLOT-018696,2.230006102431017
PLOT-015121,2.632369623595613
PLOT-015603,2.147648131648917
PLOT-015667,1.6707243140091457
PLOT-017607,1.172869955754744
PLOT-015244,3.30780854564178
PLOT-015532,3.7273914696089685
PLOT-017027,1.5845594162277166
PLOT-017983,3.695168886425025
PLOT-016179,1.5927169871574025
PLOT-017854,3.6146079625977037
PLOT-017752,3.2800950992522764
PLOT-018628,3.265201025418154
PLOT-016701,6.463772227811318
PLOT-015801,3.8480348677400276
PLOT-015840,4.340595013678046
PLOT-016235,1.637608378416396
PLOT-017163,1.3576747129782025
PLOT-016926,3.869488450370672
PLOT-017873,1.958772748290926
PLOT-015444,2.120799484412268
PLOT-018090,2.611267320555418
PLOT-017284,2.9565747816911
PLOT-016313,3.322347303911342
PLOT-015921,2.234339100848646
PLOT-015795,2.1214483816304934
PLOT-015897,1.9544303861665882
PLOT-015009,1.302620457382735
PLOT-017904,2.048452809018645
PLOT-016267,3.8357526616760462
PLOT-017772,1.394483268455293
PLOT-016747,2.797026709890616
PLOT-016416,3.9092016822882716
PLOT-018353,1.290400310229027
PLOT-017112,2.762725010747268
PLOT-017036,2.0703963726940526
PLOT-018650,2.685244398638542
PLOT-015213,0.8717405267231241
PLOT-016104,3.3696344667108478
PLOT-016726,2.4544306878183133
PLOT-018386,1.8952364484726971
PLOT-018174,1.0652858830048435
PLOT-018548,2.866997607419741
PLOT-017159,1.7404533031472278
PLOT-016397,4.48803098380779
PLOT-015836,1.0687550719385452
PLOT-015206,4.963661471696101
PLOT-015658,2.7785866917987034
PLOT-018497,0.8620795864436281
PLOT-015739,0.799468919017448
PLOT-015500,3.6041938314344946
PLOT-017160,4.80076783129323
PLOT-017050,4.004525706766879
PLOT-017103,3.3981441559642205
PLOT-017108,0.951988258735392
PLOT-018553,2.671690588740407
PLOT-015666,3.056384028597149
PLOT-017371,2.050199203948586
PLOT-015564,2.6712408132237364
PLOT-016262,2.4330667723366664
PLOT-016644,2.4362309729829015
PLOT-016206,5.027285551457454
PLOT-016021,2.6651090353744658
PLOT-015134,4.291415575702632
PLOT-017156,2.4905120400142855
PLOT-015305,1.3167324547013668
PLOT-015915,3.923591951785024
PLOT-016591,3.643385038589821
PLOT-017312,3.162296811940918
PLOT-017319,2.881434383613538
PLOT-015619,2.6112513961718173
PLOT-017333,5.618381699323014
PLOT-015903,0.9106983701543179
PLOT-016384,2.7345323936084722
PLOT-016921,1.1420208093483224
PLOT-017739,2.310133520700595
PLOT-015296,1.1592871709992365
PLOT-015935,3.529453448423771
PLOT-017986,2.8262651484588
PLOT-015318,6.285507910443176
PLOT-015420,1.5674546751039684
PLOT-017129,3.540701807441576
PLOT-017790,3.0173476195833846
PLOT-017656,1.4783382769136977
PLOT-016632,2.5394689732016835
PLOT-016051,2.419438274076606
PLOT-018225,1.6186648313767629
PLOT-017949,3.9611432106756244
PLOT-016906,2.1258095295415624
PLOT-015562,1.2385920711025893
PLOT-017367,2.331560621972124
PLOT-018710,1.501671854394673
PLOT-018731,2.9178720895431236
PLOT-016252,1.2669984641040066
PLOT-017403,2.411551952557777
PLOT-017863,4.640512627569887
PLOT-018598,3.618020484099913
PLOT-017568,2.1873283037979503
PLOT-017221,3.6464996554465143
PLOT-016816,3.873274436902382
PLOT-016587,2.2202957932062186
PLOT-017318,1.017801223493068
PLOT-016844,1.6824416882389268
PLOT-015742,3.80830433739639
PLOT-018591,4.1639432374440295
PLOT-015889,1.5727067061079814
PLOT-017253,4.024468603090402
PLOT-015748,4.12509808001498
PLOT-018015,2.113722286812348
PLOT-017060,4.248731553059487
PLOT-018286,4.637855023172359
PLOT-015514,3.85837049796294
PLOT-018038,1.9758310960158205
PLOT-016090,1.3325199767076252
PLOT-015662,4.144027815031575
PLOT-016688,4.951584486679025
PLOT-015361,0.8868949403814078
PLOT-017796,2.5404973929552916
PLOT-018605,1.3726949691738917
PLOT-018501,2.617832157190189
PLOT-015652,2.117245453007462
PLOT-018012,1.877457006297823
PLOT-017293,2.697545954967979
PLOT-017170,2.078849186367654
PLOT-017332,2.006952407276318
PLOT-016390,5.004598854236445
PLOT-018096,4.455826692088921
PLOT-015193,2.4160439983582376
PLOT-018245,0.8661851302060893
PLOT-018081,1.6043210308508795
PLOT-018663,3.5685885205199765
PLOT-017419,0.7828838534038562
PLOT-018326,3.737475264784422
PLOT-016915,2.8592287383683277
PLOT-016788,8.096518779145141
PLOT-017072,4.894885613029694
PLOT-016579,2.8474822289962036
PLOT-017705,4.1484096467488945
PLOT-016872,1.3434286840814211
PLOT-015705,0.6982905837427278
PLOT-015131,3.078798911459763
PLOT-015592,0.7141871585391506
PLOT-015664,0.7249320170095047
PLOT-015565,3.3357455115714827
PLOT-017503,1.1888689639509935
PLOT-016306,3.4216050916081855
PLOT-016077,4.1674012511249
PLOT-015178,2.705912299443408
PLOT-017737,4.349502642835934
PLOT-018393,2.4302676396824814
PLOT-016431,0.6975731731897367
PLOT-016279,3.518354946344707
PLOT-015854,4.24621602576707
PLOT-015720,3.754328110338205
PLOT-016893,3.859223577959299
PLOT-017746,4.450482870620878
PLOT-018507,3.9085381016194702
PLOT-016352,3.5636267552926704
PLOT-018687,4.933062175598171
PLOT-017541,4.01255732290717
PLOT-017309,2.3525687154920822
PLOT-015517,2.394396145749598
PLOT-018110,5.257613042583631
PLOT-017497,4.340130663373335
PLOT-018634,0.9945285230462297
PLOT-015079,1.8737192994212037
PLOT-017992,3.467449193250393
PLOT-016225,3.5245126429676965
PLOT-015427,3.5095929462706086
PLOT-016795,2.875325000678625
PLOT-017765,1.9731397487575963
PLOT-018264,0.899671118724408
PLOT-017756,0.9738503878373664
PLOT-018570,0.786684004480636
PLOT-016470,1.7062614844946926
PLOT-017178,1.0864467860326406
PLOT-018492,5.000430293908084
PLOT-015933,1.8462831797607018
PLOT-017090,2.661350856526961
PLOT-018323,2.83642104243745
PLOT-015527,4.046532551575106
PLOT-018504,1.370762241262935
PLOT-015513,4.6447555063425146
PLOT-016995,0.9666036980137818
PLOT-017228,4.01854944604807
PLOT-017700,0.8826395833417559
PLOT-015707,1.834780242082875
PLOT-016771,2.138003313058323
PLOT-016332,2.293946923412664
PLOT-015670,2.245285920185833
PLOT-017610,3.1347167843698336
PLOT-015991,3.947525288381589
PLOT-016438,2.5773566783966486
PLOT-015180,4.433814395866529
PLOT-016277,2.894758991146397
PLOT-016674,3.5118128412159
PLOT-018134,4.4637354506284845
PLOT-016933,3.7962321179051255
PLOT-017924,3.421928887284684
PLOT-016039,3.285696216185785
PLOT-016084,3.343594685206264
PLOT-016730,5.047328033892784
PLOT-015615,3.1897241229110915
PLOT-017841,2.6965327627320277
PLOT-018607,2.533555549051141
PLOT-016347,5.00397403232778
PLOT-016275,3.2691250812229375
PLOT-015802,2.263155993683498
PLOT-017134,2.3431484580108926
PLOT-015448,1.3094033966192078
PLOT-016387,4.746857427767503
PLOT-018608,6.099083483793806
PLOT-015430,2.2194587117402924
PLOT-018317,1.1466474465580334
PLOT-017893,2.7026630770018816
PLOT-017014,0.5835654649655646
PLOT-015450,2.358470495282249
PLOT-015580,3.2556068727348464
PLOT-016609,1.791123896997691
PLOT-017059,2.358064606581232
PLOT-015596,6.832795070016876
PLOT-016714,0.9737657166050155
PLOT-015789,2.819522330782674
PLOT-015346,0.40281807861110874
PLOT-015502,3.6061924271099866
PLOT-018590,2.7784722255689642
PLOT-016406,2.026904723755922
PLOT-017176,3.4839849774275886
PLOT-016166,2.4820594691543834
PLOT-016608,2.1016492215841835
PLOT-017301,2.110328357883287
PLOT-016830,2.3418607108358445
PLOT-015268,1.7642939813749074
PLOT-017013,2.54330755586418
PLOT-017006,3.5244506082590212
PLOT-018141,2.564603965501012
PLOT-017421,1.7062265106809644
PLOT-017719,0.9778952976147792
PLOT-017157,2.3586050623428423
PLOT-017075,1.1102251960884708
PLOT-018185,1.2381557894921973
PLOT-017305,3.3948530329949795
PLOT-018525,3.092421353116066
PLOT-018395,2.2216859807929206
PLOT-015992,3.939038218038642
PLOT-015977,2.355038407267203
PLOT-017236,1.9812365938869878
PLOT-015314,3.4288288058412077
PLOT-017721,2.5066291803686753
PLOT-017641,2.9596742951575687
PLOT-015283,1.7553683927781165
PLOT-016134,2.024848753386214
PLOT-017003,5.129799983757218
PLOT-017742,2.4373122224796044
PLOT-015032,2.4649258005601102
PLOT-015590,3.6852946735790626
PLOT-018723,1.2930018227632416
PLOT-015240,5.019955823476865
PLOT-017771,1.1303894108013075
PLOT-016558,5.009758230342839
PLOT-018071,3.840433263559503
PLOT-017804,4.277156022652979
PLOT-016720,1.1045174535722535
PLOT-015339,1.5141886428849622
PLOT-015993,2.0191564202313277
PLOT-016731,0.8941572703631784
PLOT-016785,2.3300283291718467
PLOT-017733,2.8684116879850983
PLOT-016170,3.8970756969528892
PLOT-018373,1.5183126727706464
PLOT-016765,2.728836458391184
PLOT-015498,1.973427111152722
PLOT-015280,3.881097656764842
PLOT-015217,2.7570500968860157
PLOT-016949,1.866752710539369
PLOT-015672,3.065993753827104
PLOT-016236,3.586091196327116
PLOT-016643,5.944894609679956
PLOT-015668,3.002526236442821
PLOT-016483,4.135580095947135
PLOT-017761,2.2699423449869314
PLOT-016412,2.274539286459638
PLOT-018097,3.7716004594137758
PLOT-016617,1.5927974309536872
PLOT-015356,2.0565815956652544
PLOT-015971,1.2622385369104054
PLOT-018406,2.8589685643068656
PLOT-016749,1.6117914625605065
PLOT-017081,2.12512634633418
PLOT-015852,2.0282982213247394
PLOT-016208,3.2265403197901086
PLOT-017786,2.5439455184564297
PLOT-017839,2.3104174483642477
PLOT-015751,3.029747066345024
PLOT-018336,3.4690090964976505
PLOT-018593,4.449525884808057
PLOT-015362,1.5579278622203783
PLOT-016078,2.245681885383357
PLOT-016597,3.461317330103054
PLOT-015012,2.28771761339364
PLOT-015485,2.2069774253324654
PLOT-016261,3.0393172859281847
PLOT-016745,2.8457290737956256
PLOT-017735,4.280607100948798
PLOT-018382,3.245044966402677
PLOT-015786,1.7353355543544962
PLOT-015959,2.3278641536371136
PLOT-017655,0.8389945717080186
PLOT-015740,2.26374530133497
PLOT-015524,2.2881171350008445
PLOT-017879,3.9133769460450676
PLOT-017634,1.7999423611646177
PLOT-018092,3.8937679760761195
PLOT-017915,2.0451121298243833
PLOT-018621,2.163156845190616
PLOT-017004,3.141818770542056
PLOT-015884,2.707293729736649
PLOT-017530,2.902679779386515
PLOT-015453,3.1472261632119722
PLOT-018324,2.2307390511941003
PLOT-016657,1.6002780332235853
PLOT-018639,2.8659473098613195
PLOT-017328,1.3175016627546148
PLOT-016425,2.9606670034368814
PLOT-015099,2.7514875118249353
PLOT-018690,1.8234108071246522
PLOT-017698,1.4251959009908626
PLOT-015979,1.659051193205779
PLOT-016157,5.121004047624668
PLOT-017015,3.246056062340657
PLOT-016374,2.229083016365539
PLOT-016381,2.0036438379587858
PLOT-016040,3.0148664689723534
PLOT-017168,1.9842926261673648
PLOT-016286,6.92877605400874
PLOT-015760,3.8793679719805687
PLOT-016086,1.7900735934600671
PLOT-016767,1.8032414065129154
PLOT-015210,2.980038873040521
PLOT-016596,4.416108526731771
PLOT-017052,1.5255427743912626
PLOT-016240,4.830819493875433
PLOT-017276,2.6178260755137424
PLOT-017590,2.9733110005797223
PLOT-017768,4.159042164136595
PLOT-017526,4.915724149046224
PLOT-016171,4.459237967056437
PLOT-016459,3.8670120905296343
PLOT-016183,3.0805330682779464
PLOT-018534,3.940407257235832
PLOT-018132,3.653033755873281
PLOT-015773,4.464263627574212
PLOT-017304,3.454199237314915
PLOT-015631,3.990827013590285
PLOT-016153,3.2862380507420945
PLOT-016398,2.61084093624878
PLOT-015387,0.9037094483461366
PLOT-016496,3.0550342023555217
PLOT-016971,2.1609821935191356
PLOT-016116,3.6761018875343425
PLOT-015476,1.3173943099548824
PLOT-016547,4.6633372096546335
PLOT-016463,1.9885086414561144
PLOT-017930,1.813221965559436
PLOT-016242,1.0536047425019346
PLOT-018215,3.5334614926199515
PLOT-017425,6.988697826219501
PLOT-018564,2.345550024557417
PLOT-015833,4.219065692733081
PLOT-017116,2.765069386396656
PLOT-017323,4.081827154470095
PLOT-015523,5.048231773083677
PLOT-015203,3.961313537309844
PLOT-018506,4.667142593298848
PLOT-015736,2.6933958105338016
PLOT-018510,4.6795761207803395
PLOT-018104,2.3658510725783075
PLOT-017736,0.6067564287260659
PLOT-018520,3.792376887231898
PLOT-017342,3.384273329408085
PLOT-016690,1.2662124352155735
PLOT-015929,3.473718356825538
PLOT-017434,1.1151959648879135
PLOT-015372,2.397870925701939
PLOT-017272,2.6000195334315848
PLOT-015488,3.14760236818808
PLOT-018235,0.8399870693717009
PLOT-016167,5.869068750102383
PLOT-017166,3.1243129690802327
PLOT-018586,2.2065910076237634
PLOT-015676,1.8901964277825518
PLOT-017242,2.3421930684775534
PLOT-017668,3.0574619998769412
PLOT-016121,3.933215535429445
PLOT-017644,2.0497133999989674
PLOT-017835,2.038788020776446
PLOT-017227,1.5919956441235303
PLOT-018024,2.5600705869471807
PLOT-015700,5.390246240308786
PLOT-017264,4.443133077758892
PLOT-017394,1.83169231339232
PLOT-018455,1.6103148091520116
PLOT-016108,2.1124548586973697
PLOT-015224,3.4336266781912195
PLOT-017557,2.3925495930591083
PLOT-017020,3.3762809883454588
PLOT-015587,3.7067120951930788
PLOT-015172,4.796620035530401
PLOT-017124,1.9173250176015153
PLOT-016324,3.9823021378854695
PLOT-015110,1.0803776160775613
PLOT-015582,3.357185149135242
PLOT-017565,2.4433893305827006
PLOT-016420,4.820099028273991
PLOT-017970,3.790251375233761
PLOT-018061,2.2102015099123693
PLOT-015255,3.205098109855427
PLOT-018672,2.039698229820797
PLOT-015455,2.424090237094714
PLOT-016493,1.7537927219322897
PLOT-018113,1.0891280911345753
PLOT-018523,0.25613502525394616
PLOT-015800,4.412884599535118
PLOT-018463,2.71238136378432
PLOT-018135,2.2398131119572273
PLOT-017335,2.315914873148852
PLOT-017223,1.0349040509889782
PLOT-017864,7.035441037085297
PLOT-015118,3.5852404896215404
PLOT-016911,2.1632608929804267
PLOT-017651,5.2661063097875
PLOT-017281,2.9858294803760996
PLOT-016514,1.1036571072072932
PLOT-015876,3.7092238155321904
PLOT-018403,3.3766638736718657
PLOT-017055,2.1659422878482166
PLOT-015600,2.54204898877224
PLOT-015008,5.517865184839974
PLOT-016164,3.729713847527682
PLOT-018668,2.799219667640111
PLOT-016809,5.302412247551018
PLOT-016774,3.016688956451309
PLOT-016781,5.165826425310912
PLOT-018422,0.9519755532748663
PLOT-017994,2.8310900618306336
PLOT-015536,1.9895261839622476
PLOT-018511,5.037305045595654
PLOT-017667,2.1355316771240136
PLOT-018575,2.7601079920520757
PLOT-018678,2.4357032707638893
PLOT-015275,5.1240813067404405
PLOT-018426,2.3171720539669067
PLOT-016434,2.375427076081938
PLOT-016489,2.455632892037467
PLOT-015442,3.140107004627937
PLOT-018383,1.5653733497480484
PLOT-017143,3.2884731075389175
PLOT-016564,1.4565133646658854
PLOT-018128,2.7068249130642146
PLOT-015984,3.4963647966752873
PLOT-015785,3.5037248829856122
PLOT-015928,1.5969808853663547
PLOT-016260,2.721672822888006
PLOT-016294,2.046759469504826
PLOT-018259,3.672432337202668
PLOT-018616,3.38740535295454
PLOT-018606,1.9815148978761818
PLOT-017216,4.384879371009169
PLOT-016135,2.9917907947219
PLOT-017665,1.7165748730487271
PLOT-015871,3.8832539004210074
PLOT-017086,3.3751988300146207
PLOT-015847,4.421529238283881
PLOT-018227,4.372963406656811
PLOT-015024,0.9382376933713442
PLOT-018345,3.420411505793437
PLOT-015057,2.5966368821374766
PLOT-017594,2.271525563421499
PLOT-015190,1.6605531965091536
PLOT-015898,1.3505230799942378
PLOT-017490,1.9807088123563017
PLOT-018357,2.214655875521059
PLOT-017513,3.2476318446655856
PLOT-015492,1.53440999834298
PLOT-015962,2.6209423637395983
PLOT-016257,2.7636865652091593
PLOT-018022,2.0501217334439414
PLOT-015640,3.056940721565883
PLOT-015002,2.1238224689550598
PLOT-016344,4.91136485238209
PLOT-017575,3.029265644371505
PLOT-015141,3.217464098384257
PLOT-016820,4.518553874860765
PLOT-017501,2.2703253558390477
PLOT-015612,2.1200507837872933
PLOT-017531,2.53341595665839
PLOT-016582,2.4603188700986167
PLOT-017965,1.9500631389467633
PLOT-017991,3.476543978364865
PLOT-017054,4.284517102511203
PLOT-015227,2.271343799169678
PLOT-018364,2.5717161008207046
PLOT-015568,1.0677968113821135
PLOT-016732,3.7444328754804315
PLOT-015572,4.980902019773595
PLOT-017017,2.8750448629817047
PLOT-017741,4.0868909663868065
PLOT-017961,3.082680268968575
PLOT-017989,1.8342046954521547
PLOT-015289,3.9364172153551196
PLOT-016122,2.2971092345668054
PLOT-015920,2.255007860320434
PLOT-017109,1.245280333415386
PLOT-016583,0.9496467502158732
PLOT-016229,4.72275543997299
PLOT-015939,5.522978454734632
PLOT-017762,4.232050489859719
PLOT-017536,3.2261645393026597
PLOT-015426,2.369656868539139
PLOT-018053,5.225922271075463
PLOT-016144,2.574932367355391
PLOT-017211,1.7248919345748086
PLOT-015602,0.4040196523078881
PLOT-017111,2.8702744383817853
PLOT-017779,5.125442491457741
PLOT-018017,2.211048019545284
PLOT-017521,4.624386113007976
PLOT-016308,2.3794416056051406
PLOT-018248,2.616840915862216
PLOT-015423,1.3462471478620883
PLOT-017728,2.1724992750938306
PLOT-016429,4.232603265295066
PLOT-015578,3.865115778121998
PLOT-015278,5.065855999383578
PLOT-016491,1.002730980643598
PLOT-015151,3.09421705629768
PLOT-018130,2.2316654725101226
PLOT-015378,2.758954503566095
PLOT-015895,1.8521872980807228
PLOT-018666,2.810779374922741
PLOT-018355,5.019242177830323
PLOT-015841,3.7831515860315195
PLOT-018209,5.480559932833918
PLOT-017194,3.0858179674754944
PLOT-018301,2.1102370128973207
PLOT-016614,1.8853584673410804
PLOT-017783,3.051637656829439
PLOT-015717,1.1516600067072995
PLOT-018032,2.28797471088926
PLOT-015386,2.322513309258637
PLOT-015446,1.8736064566886645
PLOT-017106,3.4979750898054314
PLOT-018727,2.2194854953971674
PLOT-016222,2.4948757690106733
PLOT-017595,2.9929953990041263
PLOT-018172,4.4272562210766795
PLOT-015142,1.3740676623859978
PLOT-017254,1.2916657570067667
PLOT-016903,3.1715419648084135
PLOT-018037,3.107422984472873
PLOT-017457,3.601400797583749
PLOT-015451,4.339690324430309
PLOT-016228,4.421783663314766
PLOT-016256,2.6475296946247155
PLOT-018188,1.3753939837470646
PLOT-018187,3.3787116973263096
PLOT-017395,1.6036751372178462
PLOT-017502,2.533357103478384
PLOT-017246,5.344818847107267
PLOT-017679,2.633261844158198
PLOT-017645,2.0671644551108845
PLOT-015734,3.344942011498966
PLOT-017931,2.6401974917539204
PLOT-015456,5.131119126358
PLOT-016391,2.350138900959757
PLOT-017703,1.9649944201719356
PLOT-017955,3.8039286750342787
PLOT-018424,3.042552851726493
PLOT-017704,3.419132898804947
PLOT-017831,3.5661741915873515
PLOT-017693,0.9043059806915814
PLOT-018179,0.9538841076119035
PLOT-017740,2.978562643981522
PLOT-016670,2.6705323218253048
PLOT-016876,1.7689157665105872
PLOT-016457,1.1191285161602949
PLOT-016188,0.671829856387612
PLOT-016523,1.4513824372475532
PLOT-015803,0.9355213187907331
PLOT-017592,2.283440863723929
PLOT-015036,2.7226667106968923
PLOT-018547,0.9861676734782655
PLOT-018490,6.431417189695945
PLOT-017201,3.2407601147596
PLOT-018559,3.742244343359265
PLOT-015855,2.1625951950586355
PLOT-017407,2.1041144094013378
PLOT-017748,3.254284801595056
PLOT-016325,4.216867645270573
PLOT-016910,0.9931866600505843
PLOT-016626,2.641945653669468
PLOT-016727,2.7764238261752068
PLOT-015100,0.9840875316282577
PLOT-018251,1.4692063413178014
PLOT-016929,3.665715786832923
PLOT-015341,3.697693331794774
PLOT-018532,3.524747986678206
PLOT-016312,2.435134092851126
PLOT-015540,1.3052331254305733
PLOT-018292,2.0387632541255147
PLOT-015243,1.555363174040269
PLOT-018342,2.0939870743125644
PLOT-015419,2.2579589234390505
PLOT-018330,2.005202661186944
PLOT-016888,2.366751932447285
PLOT-016734,2.817583152218032
PLOT-015727,1.7004179502365218
PLOT-015037,2.090971127341045
PLOT-017202,2.7602064527598626
PLOT-016742,2.296888544456871
PLOT-017898,1.9174642454043356
PLOT-015071,3.862556523985335
PLOT-017951,3.0974220654067435
PLOT-016203,1.3261987702674667
PLOT-015226,2.450192768549709
PLOT-016141,0.7865062171385097
PLOT-015669,4.262677960292776
PLOT-017411,2.9477091221568843
PLOT-016541,3.1262077462979385
PLOT-017846,1.4697428067227054
PLOT-018428,4.45653572267058
PLOT-016849,1.563268630820275
PLOT-016102,2.6746805196699226
PLOT-018657,0.833848267535137
PLOT-017114,4.59581309807858
PLOT-018335,3.4673578167857015
PLOT-015468,4.327002043375095
PLOT-017031,2.0603776342994395
PLOT-017787,3.1814646453030258
PLOT-016916,1.9567390342810844
PLOT-017311,2.1947591558387023
PLOT-018389,0.9177636917129478
PLOT-015824,1.5134362250626976
PLOT-016396,1.937055395136532
PLOT-017975,4.781473955244431
PLOT-017363,3.976346542043466
PLOT-015845,3.462704130063237
PLOT-017777,3.9704170889810375
PLOT-017911,2.568819381392714
PLOT-018123,4.109092546108739
PLOT-015078,3.1434345850718057
PLOT-018160,3.444026909778045
PLOT-016321,2.00873983872413
PLOT-016083,2.4338848241638336
PLOT-016320,1.9872342151080629
PLOT-017558,5.0431369553069665
PLOT-018363,5.381042570193349
PLOT-016700,1.01700617979735
PLOT-015943,1.3429690389379298
PLOT-017712,2.3853428756834387
PLOT-018304,3.288609251630005
PLOT-016733,2.8506615619391766
PLOT-015241,3.3393327670923996
PLOT-018312,3.311642426988791
PLOT-018299,2.051883482478768
PLOT-017856,2.7600629932254073
PLOT-018006,3.5370190934442545
PLOT-018302,4.475436229015096
PLOT-015526,3.796001329522557
PLOT-015798,3.3006656757372284
PLOT-015713,3.232320503440562
PLOT-018139,2.196814824775227
PLOT-018685,1.6680110254928209
PLOT-015738,1.7185185362577287
PLOT-016946,1.687350746255611
PLOT-017225,2.9911100504246053
PLOT-018118,3.177602192851705
PLOT-018434,3.2346302677854553
PLOT-016377,3.2892306964089455
PLOT-016914,5.616492369698861
PLOT-016778,4.6891813716665744
PLOT-018633,1.971347039821172
PLOT-015757,4.159316896406169
PLOT-017711,2.544233762763473
PLOT-015429,4.997610178931195
PLOT-016982,3.656324560564516
PLOT-018432,3.1396358442914782
PLOT-018313,1.6249082679962807
PLOT-016966,4.85399626104963
PLOT-015981,3.216771172432654
PLOT-015263,1.8969077942561279
PLOT-018202,3.0681626442802217
PLOT-018701,2.874601049552542
PLOT-015547,0.857989157945574
PLOT-015454,2.3609781834962242
PLOT-015338,5.477269786571321
PLOT-015026,2.512875610921622
PLOT-017844,1.961465984257788
PLOT-016062,2.0826957852619836
PLOT-015320,3.0905976461137707
PLOT-015000,2.704732088918236
PLOT-016506,1.4549329419364945
PLOT-018686,2.583298367836625
PLOT-016151,2.4809334518082666
PLOT-015407,3.092076765569821
PLOT-016769,3.900327441157299
PLOT-016210,2.3011733134167507
PLOT-015750,3.013929750026331
PLOT-017000,1.304903663034457
PLOT-016542,3.088730318014792
PLOT-017794,2.53966236292165
PLOT-016095,5.240964011793245
PLOT-018217,3.391649061159644
PLOT-015577,3.2784907813421866
PLOT-016326,2.5070960919239114
PLOT-017811,2.653184785630326
PLOT-018143,3.4207438437518247
PLOT-017234,4.35868309642694
PLOT-015270,2.1583197870858597
PLOT-015170,1.7917117485198735
PLOT-017905,3.7365176560380795
PLOT-017189,0.9308885255424172
PLOT-016783,3.909912137787198
PLOT-015674,3.891807560803551
PLOT-017807,2.3732298405274252
PLOT-016868,2.742563804496693
PLOT-018515,0.8059003640479807
PLOT-016441,5.401790434148764
PLOT-016723,1.6498042927330814
PLOT-016958,3.3076576447156203
PLOT-016619,0.9881279075122995
PLOT-017366,2.389796679389474
PLOT-017866,3.5044904029199784
PLOT-016987,5.173176642686861
PLOT-015253,2.207727313455717
PLOT-016276,1.8151399228720346
PLOT-017910,2.0801146859404085
PLOT-017289,3.7369269140922277
PLOT-015295,3.1813008362664648
PLOT-015053,1.2193249732129874
PLOT-016096,1.4165055126427102
PLOT-015191,2.690880842697421
PLOT-015301,2.9879405553097587
PLOT-015365,4.851995969923163
PLOT-017499,2.7294931426992344
PLOT-016977,4.850045578015229
PLOT-018703,2.984835739588044
PLOT-015744,2.6677351225509494
PLOT-016191,2.9416601807847313
PLOT-017039,2.6305395563864593
PLOT-017670,2.961952149489435
PLOT-016923,3.5411832809583474
PLOT-016355,1.370407359016928
PLOT-016113,1.8894688732787428
PLOT-017511,2.08917839102283
PLOT-015374,2.768452733677256
PLOT-016821,2.3924634240141587
PLOT-015291,0.8571159594931722
PLOT-018358,5.345211227750228
PLOT-015389,3.2127226950451697
PLOT-018375,3.3889079630280965
PLOT-018133,3.577191520100248
PLOT-016180,2.7960982455455268
PLOT-016598,2.4775056833126787
PLOT-018514,2.768332119700732
PLOT-017084,1.1323356280318075
PLOT-015214,2.478715996069526
PLOT-016016,2.8921622431383214
PLOT-016864,3.296678397205954
PLOT-015410,1.4409921964171473
PLOT-016545,3.3519479295573174
PLOT-017619,1.2957214741268017
PLOT-015832,2.1985685811342535
PLOT-015179,4.368713372137947
PLOT-015690,0.3954218013311914
PLOT-018122,1.1073945980976236
PLOT-015470,1.6278992203281881
PLOT-015704,3.2889947222937934
PLOT-017346,0.6066205684009176
PLOT-018653,1.1796449011736991
PLOT-017887,1.679072616760554
PLOT-017593,2.547252661666392
PLOT-016075,2.8910869729282354
PLOT-018680,4.355248686704268
PLOT-016627,1.6875139316577878
PLOT-018399,3.046847921940348
PLOT-018295,3.3802606767432857
PLOT-015063,6.45495990767098
PLOT-015769,2.821756342285822
PLOT-016428,2.322128543203279
PLOT-015324,2.226046117394079
PLOT-015819,2.993723437154086
PLOT-015780,0.7844509181489235
PLOT-016699,2.31605200549733
PLOT-016123,4.468577921780599
PLOT-018152,2.3744011790986104
PLOT-015752,3.523470175596713
PLOT-016067,2.920808309072855
PLOT-018614,5.585583873599647
PLOT-016041,2.43572931291939
PLOT-018109,2.69869603446791
PLOT-017417,3.5136158942612097
PLOT-015716,0.6914081359695615
PLOT-017717,2.9547592988898237
PLOT-017582,2.555240574690127
PLOT-015550,2.005193909546537
PLOT-018008,2.7875184222382807
PLOT-015749,1.1193806193901497
PLOT-016487,3.4853925581197234
PLOT-017486,2.128992307373522
PLOT-018337,2.280021646090371
PLOT-017426,2.4419260729955545
PLOT-018213,1.863538572415288
PLOT-017928,4.257876267716164
PLOT-018400,1.2223626540402739
PLOT-018531,1.3962352291415114
PLOT-017130,3.340928261576585
PLOT-015842,2.5322930213423067
PLOT-016997,4.950713244494565
PLOT-015020,2.795814317769324
PLOT-017418,3.91960117545873
PLOT-015879,1.1763270831833945
PLOT-017329,3.217990091913896
PLOT-018050,3.3433710007107833
PLOT-015863,5.082963691607162
PLOT-017190,2.3609328732389803
PLOT-016376,3.4113697070529536
PLOT-016936,1.6431348767012135
PLOT-015354,2.8910679842027887
PLOT-015951,1.1134678254518433
PLOT-018496,0.7054426727620633
PLOT-016930,3.938445141784529
PLOT-016430,6.109413397586226
PLOT-018121,3.531074520931115
PLOT-017543,2.3181575428248267
PLOT-017978,2.970507320162337
PLOT-016305,5.041966610416685
PLOT-016073,4.069232918452863
PLOT-016159,1.2778611443785095
PLOT-015058,2.8212991749061795
PLOT-017450,4.502597027319195
PLOT-017033,2.188028512230351
PLOT-016696,2.7334182429909615
PLOT-016379,0.9116626125681048
PLOT-016536,2.4160007213948047
PLOT-016593,2.1440008137790354
PLOT-018407,2.150764750560363
PLOT-016539,0.7965551654404929
PLOT-017566,2.3245970578544806
PLOT-016423,2.455251979929099
PLOT-017899,0.9683872419528465
PLOT-016718,2.47721484959496
PLOT-018418,3.0132584670022333
PLOT-017527,3.6270159655972507
PLOT-016068,2.8154076432243276
PLOT-015147,2.148199612172169
PLOT-016715,3.2745311161955497
PLOT-018198,3.0543226428399217
PLOT-016589,2.9857231174121233
PLOT-017747,2.4693892535857427
PLOT-016531,2.045279380838077
PLOT-017799,2.6149901531916524
PLOT-015452,0.7518453480820282
PLOT-016561,0.8829714413680328
PLOT-016955,2.8328109055911117
PLOT-018544,3.2624205558469743
PLOT-015192,1.6620884715595314
PLOT-016038,2.3721524237885454
PLOT-016537,4.236958548879197
PLOT-016293,2.3064113861644118
PLOT-018398,1.6958079490260425
PLOT-018378,2.540439212347574
PLOT-017606,3.2982450262394294
PLOT-015626,2.5979702510449174
PLOT-016697,2.2433972140859137
PLOT-017338,3.180449671308536
PLOT-018067,1.9080867659298009
PLOT-017294,2.956761096749852
PLOT-015974,2.2390166168272154
PLOT-016763,2.1031740790029425
PLOT-018460,3.0892090857846832
PLOT-015150,5.739728513297767
PLOT-017948,5.3712303842224225
PLOT-016524,5.053656915213517
PLOT-018623,2.863307151879732
PLOT-018719,4.835255818675726
PLOT-016939,2.0724023279197414
PLOT-018360,7.257854462187795
PLOT-015484,0.9226468510878179
PLOT-017520,1.3449998430345205
PLOT-018042,4.347551566793602
PLOT-016302,2.9446756267060787
PLOT-015649,3.155957743277179
PLOT-016495,2.9653456140408907
PLOT-018724,2.0662605356629427
PLOT-016527,3.2893813547972313
PLOT-018568,4.204245329221345
PLOT-017347,3.9620027048729396
PLOT-018331,2.8319418830022998
PLOT-018482,2.1948217519894193
PLOT-017082,4.192368616940745
PLOT-016216,1.673193614534282
PLOT-018468,2.3891767161130035
PLOT-015945,3.000213646635451
PLOT-018396,3.8277063234799593
PLOT-015072,3.238682211933939
PLOT-016610,2.4890152843854367
PLOT-017614,5.189104853186395
PLOT-017098,0.7833562452411466
PLOT-018503,1.9007203728971598
PLOT-015762,1.7067370551940766
PLOT-015089,3.2079612538768987
PLOT-017621,3.518860965401488
PLOT-016375,2.402317073897165
PLOT-015017,4.39553767604259
PLOT-018494,2.5137696008519868
PLOT-015804,5.552574115212106
PLOT-016526,2.245164133872956
PLOT-018537,2.4619363439451565
PLOT-017662,1.3082050238225644
PLOT-016127,2.0908157428966203
PLOT-017248,1.9267326452962825
PLOT-015838,2.463389125553587
PLOT-016057,3.638570779609111
PLOT-015864,1.108779868677994
PLOT-018182,2.332822096568095
PLOT-018404,1.4049899500270808
PLOT-015298,2.0818086808296727
PLOT-018059,0.23643333928347415
PLOT-016801,3.30930587126192
PLOT-016871,3.1563770288969235
PLOT-016061,3.104024642225712
PLOT-016029,3.515292731934169
PLOT-017769,1.6095344871909691
PLOT-017182,2.840788807861562
PLOT-015398,3.2130994827413435
PLOT-017643,4.551776672543258
PLOT-016337,5.906482065123977
PLOT-016802,1.9730222226910936
PLOT-017918,2.227384616835891
PLOT-017142,2.2826898555489947
PLOT-016845,3.4735640828050593
PLOT-015395,1.9345306609693764
PLOT-015094,3.1461442421997603
PLOT-016291,0.970422643952609
PLOT-018411,2.459504470936983
PLOT-016353,2.7688364190286534
PLOT-016469,2.6567043111144852
PLOT-018585,1.7828170781228219
PLOT-018311,4.98404722829479
PLOT-016444,2.0140974419245095
PLOT-016543,2.0715453452485515
PLOT-018658,2.651063868447289
PLOT-016942,2.71726851903811
PLOT-018518,2.8930998002874655
PLOT-015661,4.943167345762019
PLOT-018117,1.3201916070100135
PLOT-016682,2.5851079880411407
PLOT-016635,1.567992034758411
PLOT-018065,2.189698329322088
PLOT-015317,2.114439945217901
PLOT-018334,2.0469319359312466
PLOT-017233,3.0298812932745087
PLOT-015947,1.2797821896343575
PLOT-018376,2.7936471573787824
PLOT-015770,3.475613545372004
PLOT-016380,2.692732459044911
PLOT-016962,2.4168707257662967
PLOT-017470,1.6644409213836646
PLOT-015544,4.0724931761757395
PLOT-016382,4.930501061805784
PLOT-018216,1.131334182704381
PLOT-018102,3.081752605435703
PLOT-016831,1.9470923953061858
PLOT-015635,4.454186754596215
PLOT-016181,3.833055614967537
PLOT-017041,6.483271260188328
PLOT-017685,1.23609321824238
PLOT-015108,3.1601969887892105
PLOT-017439,2.3406255969007614
PLOT-017754,3.647651467554243
PLOT-017410,1.6715461868639776
PLOT-017548,2.0361831707989535
PLOT-017161,3.178093303658653
PLOT-016940,2.710106749748206
PLOT-018256,3.916075801775767
PLOT-015139,3.2030171735304975
PLOT-015712,2.9759361585690205
PLOT-017144,5.279850142964065
PLOT-015287,2.1418794700292256
PLOT-017077,1.2160477683482618
PLOT-015823,3.397711340868109
PLOT-017035,2.5230769681039176
PLOT-017914,2.688971236888958
PLOT-017449,1.3561637139398102
PLOT-016869,1.789967486624436
PLOT-016513,5.9296720296469685
PLOT-018023,2.453342447008087
PLOT-018300,2.916066421739731
PLOT-016224,6.0741897525608435
PLOT-018176,3.265508442732519
PLOT-018509,1.8497335860968396
PLOT-017099,2.984645018388382
PLOT-015525,1.2167552835794941
PLOT-015473,2.7630844713740697
PLOT-015506,2.415092707878666
PLOT-017011,2.51943001110576
PLOT-016223,0.7362710370195311
PLOT-015396,2.5844689622761003
PLOT-015515,3.9920216739320473
PLOT-016343,2.340645639833
PLOT-015891,2.4456178861639115
PLOT-018412,3.715158552019473
PLOT-016264,2.7648088018311343
PLOT-017164,2.4506326555279587
PLOT-015877,1.6120631847069113
PLOT-017118,4.7739290706748925
PLOT-015013,1.9904105773392022
PLOT-018693,1.994535482257801
PLOT-017065,1.6518444160633599
PLOT-017825,3.402466456536856
PLOT-017812,5.21328130381934
PLOT-015376,1.0616107621045265
PLOT-017361,2.6471903806358728
PLOT-016900,2.5161130054858027
PLOT-015857,4.196773517224789
PLOT-015503,3.1954015721313165
PLOT-016081,6.047277126715617
PLOT-015046,5.050429716606188
PLOT-017297,2.4292795800005966
PLOT-015266,2.0270880394191995
PLOT-017626,2.652742896029822
PLOT-018346,1.4283915897886161
PLOT-016549,1.2232777089720943
PLOT-016022,3.6759684311294527
PLOT-015232,1.5221957879863117
PLOT-018063,2.0684240893209638
PLOT-018243,2.0007732797086955
PLOT-018354,5.652935683308342
PLOT-018562,4.4920984753641875
PLOT-018681,2.815857370625539
PLOT-016189,1.038600299280528
PLOT-018028,1.9975854167127076
PLOT-017188,1.840111795968605
PLOT-016584,1.6966555580484024
PLOT-015173,2.6211803130046216
PLOT-016165,3.079078107848552
PLOT-015204,2.718474890273429
PLOT-017519,0.9704376677220831
PLOT-017263,4.874583095483473
PLOT-016177,1.5966150141086952
PLOT-016162,3.248415876587949
PLOT-015630,3.1958390531122736
PLOT-015681,1.8999808453187326
PLOT-018683,1.6220102137780346
PLOT-018016,2.0960408051960333
PLOT-018408,1.7258532897416075
PLOT-018240,2.236521354143593
PLOT-016511,1.8781803109354043
PLOT-015621,4.041314317246241
PLOT-016450,3.187385212245897
PLOT-017455,2.856295571377949
PLOT-016554,2.58426731763056
PLOT-016292,2.018976926446034
PLOT-016106,1.107145242411627
PLOT-016600,2.522887501350452
PLOT-016409,5.110418982930611
PLOT-015132,3.277865930328568
PLOT-016851,0.9621490930304486
PLOT-016124,2.7332809171246004
PLOT-016036,2.166489241330777
PLOT-015644,3.751151205514782
PLOT-015778,1.1609158214149633
PLOT-016447,3.4960364470539047
PLOT-018162,1.050933326231251
PLOT-017716,2.714835942560474
PLOT-017552,3.1744340438733545
PLOT-017314,1.9123845754173416
PLOT-018456,3.3822652578445025
PLOT-018366,0.20278665801382925
PLOT-017516,0.9829309040055411
PLOT-017745,3.2765048358074114
PLOT-016586,2.338753901451244
PLOT-015117,5.790506159226831
PLOT-018642,0.8823606326980047
PLOT-016192,1.7371404615783146
PLOT-017603,4.65551522698858
PLOT-015563,1.6830655508486472
PLOT-015722,3.495768527162205
PLOT-016418,2.361941851271273
PLOT-015490,2.997520098904265
PLOT-016070,3.227175657273748
PLOT-017280,3.032709860123691
PLOT-018148,1.5709812339570048
PLOT-017185,2.965633596868411
PLOT-017320,2.246697606115475
PLOT-017461,2.0288785645608973
PLOT-017222,1.6680471154133385
PLOT-016458,4.700788981606569
PLOT-017706,2.5128110368619003
PLOT-018415,3.0692908974606836
PLOT-017068,3.344522934833839
PLOT-017350,3.115458419293111
PLOT-015609,3.3575400148167325
PLOT-016538,3.9679846125917155
PLOT-016455,3.9301361432366524
PLOT-017436,1.1259970756816946
PLOT-017021,3.200084037703417
PLOT-015997,2.216732952211138
PLOT-015576,1.8372729910324006
PLOT-016163,2.406857235637917
PLOT-015019,2.883676257748325
PLOT-018325,2.9339421402868893
PLOT-017906,2.6234109336756783
PLOT-017751,2.069604229424787
PLOT-016274,2.5439021899680396
PLOT-015755,2.1528987473809553
PLOT-015754,3.146705650914793
PLOT-017451,1.5841474359820154
PLOT-016327,0.4868286554479916
PLOT-015639,1.1612485567478024
PLOT-017749,6.335751062312121
PLOT-015043,2.896651998747548
PLOT-015007,2.1925379725090566
PLOT-018070,2.7430573537279366
PLOT-017383,3.4678982698126632
PLOT-015471,1.3363219378645501
PLOT-015421,2.4559328213873584
PLOT-017310,3.1740480154870747
PLOT-015189,2.938986981246966
PLOT-018619,3.3860491643214155
PLOT-018662,2.0912834766199238
PLOT-015905,1.9359507209768287
PLOT-017729,2.4497456335410717
PLOT-018049,5.328890149401863
PLOT-018258,5.631359636561016
PLOT-015464,5.082749487682681
PLOT-017950,3.5117065662550577
PLOT-017629,3.0869836917229705
PLOT-018281,1.1164237629728568
PLOT-017334,1.975899951876708
PLOT-016435,3.855522242708684
PLOT-018689,0.30086845549538943
PLOT-016965,3.154132344612618
PLOT-015065,2.758613862923755
PLOT-017043,0.8691371585593854
PLOT-017373,0.9106692365134386
PLOT-015432,2.910763101976249
PLOT-016432,1.8244707855717228
PLOT-015101,2.049189114048138
PLOT-015048,1.6521299961131977
PLOT-018103,1.2340196455546222
PLOT-018214,2.4307018672587795
PLOT-016847,3.032087386138388
PLOT-018171,2.9090828351839026
PLOT-017285,2.0748609997435943
PLOT-017385,0.994003927969968
PLOT-016777,2.887090673883673
PLOT-017695,4.017919464826886
PLOT-018153,2.049235767813707
PLOT-015828,2.2399285498493056
PLOT-017355,3.1244735713867775
PLOT-015129,5.352046258991417
PLOT-018054,3.7989922701841503
PLOT-017085,3.920719201764285
PLOT-015849,2.799921697886216
PLOT-016953,3.5915811394482686
PLOT-015315,1.2100601013259413
PLOT-016647,2.6779756689124734
PLOT-015237,1.7970505732486397
PLOT-018319,1.81951588527203
PLOT-016873,1.022691179394388
PLOT-017974,4.180230391762788
PLOT-018443,2.877807973381485
PLOT-018365,1.320239353093053
PLOT-017505,1.1412620954962964
PLOT-015522,2.1917413248017743
PLOT-018745,2.134068134594569
PLOT-015054,1.7716204143323486
PLOT-017102,3.1579085006312653
PLOT-018242,3.293458280968455
PLOT-017265,5.228635122992643
PLOT-016109,2.4717321173012348
PLOT-018447,4.008838377463468
PLOT-016193,2.900192455589405
PLOT-016481,1.3565704792216386
PLOT-015382,2.21942362589416
PLOT-018343,3.36484336803489
PLOT-017919,3.4785655326431546
PLOT-015157,4.824554529404461
PLOT-018502,2.774715594735718
PLOT-017858,2.53112454235358
PLOT-015558,1.4762106466567755
PLOT-015835,2.876173541206727
PLOT-018622,1.808630660423645
PLOT-015463,3.3593262159449213
PLOT-018368,1.2389711323351664
PLOT-018391,1.0539011056752703
PLOT-018371,1.2607641803183496
PLOT-016991,3.085316171419621
PLOT-017973,5.422075735469168
PLOT-018296,3.146316853942141
PLOT-017471,2.5421664956443215
PLOT-017186,0.5694138439277419
PLOT-017409,2.6174996752379727
PLOT-016874,2.0206304429425703
PLOT-016806,2.4559153073116917
PLOT-015595,4.574964723801151
PLOT-016085,0.7309681544239668
PLOT-018020,2.8809108333200237
PLOT-018746,4.949032780217206
PLOT-016815,2.304551922819066
PLOT-016770,2.551346656121305
PLOT-017325,2.544020866130781
PLOT-017782,5.15419983367281
PLOT-015367,3.731669482260547
PLOT-016232,1.9077676641020982
PLOT-018220,2.5963773640756718
PLOT-016601,0.8810699955996082
PLOT-016877,2.443990411227755
PLOT-016671,3.031265243377506
PLOT-015097,2.010950468766066
PLOT-015860,0.7707761457321336
PLOT-015364,1.5868823351623744
PLOT-017091,2.3766237757156374
PLOT-015381,2.1205960348657658
PLOT-018647,6.8932418232254
PLOT-018469,2.8820070990026845
PLOT-017336,1.5896004873303795
PLOT-015028,1.754042089190706
PLOT-016098,1.003345793196854
PLOT-015447,4.89607251947913
PLOT-017820,3.9829141009975477
PLOT-015820,2.467629569593995
PLOT-018170,3.9446820087972307
PLOT-017406,2.789080612512168
PLOT-017123,2.392187484017756
PLOT-017638,3.670506005957571
PLOT-017678,1.9687734897342493
PLOT-017195,1.8361656530618864
PLOT-016622,2.409405200610075
PLOT-018173,2.0274439617512194
PLOT-015721,1.6236363185281586
PLOT-017714,2.2492185084128278
PLOT-017539,2.3821582158479466
PLOT-018397,3.1367231567370912
PLOT-017423,1.8703888416912802
PLOT-016691,1.0985962288180073
PLOT-016642,1.2305440113776005
PLOT-015779,2.3302402985044184
PLOT-017196,3.4411818680176687
PLOT-016023,2.276205285263167
PLOT-018288,0.7736208773683
PLOT-015004,2.4179251258049486
PLOT-015428,1.7572800471113852
PLOT-016947,3.20009707150844
PLOT-018660,2.969518481631501
PLOT-016467,2.3995066139955994
PLOT-015516,1.0354859460974846
PLOT-017573,3.283835349042278
PLOT-018058,2.8246511660021434
PLOT-018416,2.9186012352480573
PLOT-015350,3.08247431261021
PLOT-016805,3.3796212067621267
PLOT-018191,2.9149564620265767
PLOT-016683,3.0553638639875733
PLOT-015660,2.0728176787255417
PLOT-018430,1.8273721497953836
PLOT-018005,0.7950773412740602
PLOT-017837,5.651949426822234
PLOT-015899,2.144896530609085
PLOT-017525,2.1316857511682255
PLOT-017969,2.751359442020641
PLOT-015158,2.2388865444633628
PLOT-015383,2.8481292786634405
PLOT-016721,2.098121566807372
PLOT-018356,0.7984219265053656
PLOT-015140,4.6266325890241475
PLOT-015465,2.7782142444402305
PLOT-017766,1.710030683873204
PLOT-018587,0.7924489160101189
PLOT-015299,1.7956813614357632
PLOT-015397,2.8981920123878635
PLOT-016615,5.308640017374853
PLOT-015934,3.2859920428530947
PLOT-015887,2.3902485919204497
PLOT-017283,2.6804172827436537
PLOT-018150,5.078866269734768
PLOT-016922,4.365325766021644
PLOT-016033,2.891333290714527
PLOT-016776,4.4683019163964515
PLOT-018062,3.599617320777026
PLOT-016634,1.5702127289650145
PLOT-016048,3.796934740761506
PLOT-018157,2.5218644743472787
PLOT-017537,3.08964194883594
PLOT-016528,1.1420509907918481
PLOT-018120,0.8976462779922753
PLOT-015846,1.6267000443128
PLOT-015251,4.862229855548791
PLOT-017037,2.615346363398276
PLOT-018669,2.443946906864239
PLOT-015806,4.166326754415386
PLOT-016552,2.109763168763749
PLOT-017966,2.1275799059525156
PLOT-015715,1.3936938799579734
PLOT-015336,2.0785692076057445
PLOT-016659,1.9864626343416987
PLOT-015987,3.5705402912858255
PLOT-018505,2.3532976433861212
PLOT-017993,2.5569660188817283
PLOT-015195,2.276468163777569
PLOT-017732,4.0293309811701326
PLOT-017551,1.352283191177617
PLOT-016857,2.0644505681492356
PLOT-016044,1.456626307148966
PLOT-015279,3.4249751707098266
PLOT-015096,3.5669175230072656
PLOT-016521,3.096265123177095
PLOT-015441,4.602906452637112
PLOT-016196,2.6376745355488143
PLOT-016812,3.3026728952758173
PLOT-016796,2.8636947031052395
PLOT-016042,3.4293659445166726
PLOT-017922,2.7889859376462836
PLOT-018247,1.9211573927090435
PLOT-017132,2.908365822100308
PLOT-015330,1.1455343867408074
PLOT-015392,4.825788324115472
PLOT-018601,3.2187132922779056
PLOT-018315,2.262405085941435
PLOT-016515,4.550842517375811
PLOT-015861,2.777936607036915
PLOT-015745,2.2863458135123365
PLOT-018347,1.2301699643775936
PLOT-017878,1.5342425911868303
PLOT-016111,2.916919395197864
PLOT-015327,3.674079518434454
PLOT-016119,2.6324532947332755
PLOT-016088,3.0832193077426195
PLOT-016897,4.1697101634169975
PLOT-017958,1.3514257470095143
PLOT-018625,1.7645179354228062
PLOT-018595,1.4952659447032968
PLOT-015003,1.9830026937269727
PLOT-015594,3.0164290399330174
PLOT-018522,4.126681261077727
PLOT-018290,3.271256679040707
PLOT-016490,3.426890490300951
PLOT-018277,2.9736342938165903
PLOT-016870,1.2664619239703319
PLOT-015549,2.435195241655339
PLOT-015556,4.282828364138526
PLOT-016358,1.7255477584745151
PLOT-018163,2.136391964491829
PLOT-015541,3.9125466035679635
PLOT-018433,3.3451248899757373
PLOT-015252,4.016815124046376
PLOT-015264,2.1519367804982625
PLOT-017622,0.8278485627390234
PLOT-016471,1.5818309730018316
PLOT-016234,2.543201644527935
PLOT-018679,3.852887304073817
PLOT-016401,0.37140679274234684
PLOT-016853,3.926314160186089
PLOT-017094,3.6530158256620666
PLOT-015918,3.4664239542016917
PLOT-018310,2.3086188435491857
PLOT-016064,2.5401097818836877
PLOT-016533,2.2714617273229925
PLOT-017579,3.9345006323417078
PLOT-015300,4.4051693541652925
PLOT-017743,2.9175303608778314
PLOT-017326,1.5474152844806743
PLOT-018033,2.4711779205321087
PLOT-015553,2.6406700052686256
PLOT-016512,1.7549782517656114
PLOT-018260,3.1302161288610235
PLOT-015467,2.6821698501274875
PLOT-015344,2.742701382006287
PLOT-017508,1.877783080416837
PLOT-018654,2.40324975973133
PLOT-018513,2.5571138791600507
PLOT-017654,5.512017666931777
PLOT-018031,1.8293272335359223
PLOT-016417,0.7485586742103926
PLOT-017673,1.3891131076694274
PLOT-017028,4.169654096903612
PLOT-016448,3.9957410289078554
PLOT-015166,1.4218820799229297
PLOT-016706,1.349571356460818
PLOT-016338,3.401772658953732
PLOT-017441,0.7818931596518555
PLOT-017307,6.554444103877603
PLOT-018004,2.097274835524849
PLOT-018189,2.751316161402007
PLOT-018221,1.7747087347927508
PLOT-015439,2.4545762980283077
PLOT-017288,4.3564701793114295
PLOT-015021,2.625315888481699
PLOT-018060,3.1153185880050067
PLOT-017401,2.283225076267166
PLOT-016079,1.1042735546772977
PLOT-016918,0.5931737216808227
PLOT-018279,0.9686310127758114
PLOT-017215,3.314765076788244
PLOT-017883,2.3151965414173543
PLOT-016227,4.56682855288705
PLOT-018193,2.3410599666054126
PLOT-016650,2.9087942156130953
PLOT-017073,3.2612453739434666
PLOT-016213,1.902866143798492
PLOT-016544,2.6543518909354384
PLOT-016807,5.620542309770445
PLOT-015313,3.949635645164032
PLOT-015487,1.4194346570350818
PLOT-015229,3.925677288790245
PLOT-017570,2.7236475061915417
PLOT-017149,3.994599285161438
PLOT-017512,2.6190539017848096
PLOT-017415,1.238858838215242
PLOT-017671,2.489529160003617
PLOT-015286,1.7221947879129973
PLOT-017416,1.9771008500045675
PLOT-016698,1.3095770222214638
PLOT-017791,4.107864354180809
PLOT-016653,3.0650736981309206
PLOT-016901,3.44842302699558
PLOT-015810,5.344901642579621
PLOT-016693,2.9346169283829653
PLOT-017795,4.200186492676028
PLOT-015431,1.6865456784353157
PLOT-018618,2.1241502341354934
PLOT-017691,1.41840881407514
PLOT-018688,2.744664640699356
PLOT-016368,3.0343567251896273
PLOT-015620,1.336922698369063
PLOT-017145,3.0613036360978882
PLOT-016520,3.7841992963641777
PLOT-017880,2.9298741272967943
PLOT-015936,2.864724201184992
PLOT-016205,3.704839637542617
PLOT-016202,2.564691951091097
PLOT-018695,2.5441475207065767
PLOT-018377,0.9519653061637718
PLOT-018578,0.7113745594625369
PLOT-015130,2.091840191645597
PLOT-015521,2.9451117754088285
PLOT-015955,6.497970464654661
PLOT-015913,3.2214603504272814
PLOT-015859,3.357907128358789
PLOT-016854,2.2637407835313583
PLOT-016315,3.3472242514733335
PLOT-017154,3.561888209815169
PLOT-018613,1.9855231722538536
PLOT-015127,2.648162529715941
PLOT-015284,3.6326122957372773
PLOT-018138,3.366097935042358
PLOT-015978,3.0547564211685097
PLOT-015623,4.243436026541691
PLOT-018735,4.681417737294509
PLOT-015688,3.3387171408699876
PLOT-017370,0.9939738465978749
PLOT-016366,2.502490810717894
PLOT-017500,1.9513309464380988
PLOT-015995,1.6779330341214476
PLOT-018380,3.6766094115985686
PLOT-017850,1.1209698100835348
PLOT-018112,1.1018947912568584
PLOT-017267,3.118633790434317
PLOT-015610,2.9613745575786448
PLOT-015458,3.88773775899825
PLOT-017785,1.7317725699711193
PLOT-018676,2.613224462119329
PLOT-017158,1.7022208961870395
PLOT-015462,1.980923589601274
PLOT-016573,2.897230246698234
PLOT-015792,0.7180452973545041
PLOT-015504,2.2663296298636735
PLOT-015308,5.266449331621215
PLOT-017193,2.397383997221929
PLOT-015363,4.188411193579415
PLOT-015579,2.355610264463309
PLOT-015105,1.2915562548426418
PLOT-016705,2.7616066303630014
PLOT-017862,1.4381788043900643
PLOT-016132,3.5390137983096364
PLOT-015507,2.0324391077240027
PLOT-017268,2.472786820089672
PLOT-016011,3.0863501702661207
PLOT-018604,4.769652859348585
PLOT-015946,2.875954059109451
PLOT-018284,2.4607194322982875
PLOT-017040,0.6120344267762279
PLOT-018444,2.2214755793190206
PLOT-017206,3.0173601601914073
PLOT-016336,1.715163670220319
PLOT-018381,0.8425587508131877
PLOT-017522,1.3871740358449929
PLOT-017613,3.693372104642625
PLOT-018439,3.6785284136740786
PLOT-015188,2.0038669991856586
PLOT-016793,3.7517854099383565
PLOT-017261,2.002903509558262
PLOT-017657,1.7920878266853442
PLOT-017609,3.0440468648094514
PLOT-017589,3.527682943648178
PLOT-018624,2.65128675022587
PLOT-018576,2.3379217679938735
PLOT-017635,3.318948109096262
PLOT-018175,3.0978277683089868
PLOT-017886,3.114031218413862
PLOT-016959,1.2161978235603403
PLOT-015976,1.79938147406174
PLOT-016707,6.322626327444384
PLOT-017290,1.331988882530689
PLOT-017255,1.4280097378213956
PLOT-016818,2.4983368645481434
PLOT-015862,4.179981653008944
PLOT-016173,1.1722557131370246
PLOT-016651,3.5018866806931364
PLOT-016340,5.056246202593535
PLOT-018546,2.1021317380629343
PLOT-015281,1.062727399183158
PLOT-016509,2.562837157258522
PLOT-016832,0.9366229177495811
PLOT-017571,1.5484084375994365
PLOT-016115,0.8555220876073363
PLOT-015353,2.138721241421632
PLOT-016034,0.7622986963254783
PLOT-015731,4.030867336826074
PLOT-016445,1.5909987750575572
PLOT-015702,1.7759556291900844
PLOT-018635,3.4855528460432272
PLOT-018691,1.7331688761206778
PLOT-018194,3.010720152833388
PLOT-015160,5.47356403931766
PLOT-018154,1.9380927734484097
PLOT-016881,4.276850934884035
PLOT-018206,1.9325227044739266
PLOT-018742,4.318930126321088
PLOT-016678,1.5975906619372333
PLOT-016137,4.030509467737462
PLOT-016385,2.5939689899563714
PLOT-016198,0.7019486774663448
PLOT-017237,1.9946957951339965
PLOT-015501,1.7695184247545939
PLOT-017076,1.3541496815168057
PLOT-017376,3.3512676934022556
PLOT-015162,3.013351204265646
PLOT-018700,2.5335422148740294
PLOT-017152,0.8032277095486127
PLOT-017358,1.475002967403391
PLOT-015185,1.8363520435508895
PLOT-015459,1.1747780244848072
PLOT-017057,2.842388901478797
PLOT-017387,1.474213722337295
PLOT-016007,3.5387887090029886
PLOT-016008,5.11184733131958
PLOT-017588,1.7324112039358845
PLOT-018237,2.8176302810256884
PLOT-018374,4.250928978388023
PLOT-017388,2.021090114611648
PLOT-016890,1.0178486453843925
PLOT-017270,1.702140029314027
PLOT-016287,2.229566303343172
PLOT-015368,2.4525939653775986
PLOT-016168,1.973123409412552
PLOT-016402,3.989873197511339
PLOT-016925,3.9909350999523374
PLOT-016318,2.514736473974368
PLOT-015493,1.8277721713524773
PLOT-015231,2.500058691927281
PLOT-017623,1.7230201675998456
PLOT-015333,2.2682724895656223
PLOT-016475,2.87156363625616
PLOT-017882,3.0194752757667254
PLOT-015788,2.5352187469346594
PLOT-016138,2.301533444344011
PLOT-018082,4.392054701191715
PLOT-018131,3.5644536094203265
PLOT-017694,3.3420778704978353
PLOT-017868,1.5483957549112979
PLOT-015380,1.9151553725367827
PLOT-017554,4.031167569703814
PLOT-017713,2.075749155231945
PLOT-015067,3.9143606321347133
PLOT-016979,1.2997151829918507
PLOT-017271,3.7486842757036887
PLOT-016882,0.8675958824423187
PLOT-015477,2.2878376965347993
PLOT-018069,0.7176200937177741
PLOT-017976,4.13470320319796
PLOT-018048,2.7398393439502855
PLOT-016172,2.2052192216299606
PLOT-018086,0.722545874708318
PLOT-017599,0.9087908565682301
PLOT-016281,1.3647194046872688
PLOT-015425,2.0515350721990284
PLOT-016602,1.0184980290977117
PLOT-017224,1.4589226204054617
PLOT-015207,4.067001940226671
PLOT-016333,1.5779146902550838
PLOT-015199,2.7304290730285348
PLOT-018659,3.6101883338671854
PLOT-018556,2.7727284246297415
PLOT-016938,2.608780821361945
PLOT-015881,3.4969855953511626
PLOT-015143,3.3741919610776767
PLOT-016772,1.2336821088417116
PLOT-016580,1.6929939652893442
PLOT-018580,2.3832741362845304
PLOT-015249,1.5268750925367203
PLOT-018294,2.911143856774647
PLOT-017392,2.5974372741256553
PLOT-016454,3.2718277499554516
PLOT-017424,3.8038163015862363
PLOT-017633,1.079032317612365
PLOT-015417,2.4890283801988557
PLOT-018569,1.991142293885295
PLOT-017722,3.0857768922651445
PLOT-017669,3.194194311334365
PLOT-017245,2.5728502601498584
PLOT-017515,1.7025575217198718
PLOT-017357,2.5485855358059477
PLOT-017972,1.422851897138464
PLOT-018230,1.4114014117469276
PLOT-017979,1.7155699859356985
PLOT-016128,0.9708139376406185
PLOT-016522,1.0559169431252762
PLOT-017495,2.004713934041189
PLOT-017483,2.28199043458752
PLOT-016485,2.919973021840664
PLOT-016990,4.9686559211254435
PLOT-018043,4.423698202497159
PLOT-015912,2.814206912335949
PLOT-015326,2.4660914771924243
PLOT-017171,1.0034747177280843
PLOT-015083,2.6913744846740055
PLOT-015765,2.439134995283831
PLOT-017422,3.2144766784704357
PLOT-017676,2.8402354888319263
PLOT-015102,1.9330937146417626
PLOT-015146,1.7251889412182375
PLOT-016133,3.247292229697232
PLOT-018064,3.091593770294961
PLOT-015394,2.504166523722343
PLOT-018384,4.985751135284761
PLOT-017217,3.3089035889796388
PLOT-017805,2.8784294551559455
PLOT-018557,2.894529078651308
PLOT-016221,2.8692391368025043
PLOT-017317,2.325202751901702
PLOT-017869,2.664389529871457
PLOT-018682,4.555295931905267
PLOT-016288,2.483743029850747
PLOT-015321,1.0940067218915528
PLOT-015111,2.3430604704821203
PLOT-015588,2.3276324654179743
PLOT-016957,3.079272593930472
PLOT-018219,2.6043934270027216
PLOT-018705,1.38638460022261
PLOT-018074,2.170302839072544
PLOT-017616,0.906580710357902
PLOT-016478,2.8076237829508144
PLOT-017397,3.083291543392605
PLOT-015136,3.5302575601257726
PLOT-016158,2.838799959289426
PLOT-015653,4.376549089660181
PLOT-017391,2.4276831075051772
PLOT-017431,3.8654228247712443
PLOT-017935,4.484996877751083
PLOT-018019,4.557475192420167
PLOT-018146,3.780146457990089
PLOT-016047,2.5489294896153907
PLOT-017661,3.89597478128878
PLOT-017547,2.607703803898028
PLOT-016530,2.9269402065752765
PLOT-015930,0.9297569327635009
PLOT-016464,2.1579877062342088
PLOT-016875,2.1863575978500602
PLOT-015220,2.031409689808145
PLOT-017136,5.436649733971967
PLOT-015927,2.577197777749166
PLOT-017463,3.3807949603404723
PLOT-016453,3.6982785863617593
PLOT-017540,1.7063785765875306
PLOT-017788,3.759207929134721
PLOT-016945,1.9206525800728407
PLOT-017684,5.8432708776840485
PLOT-015533,1.008523814123609
PLOT-017901,3.8411961218375783
PLOT-015606,1.5059195595991635
PLOT-015074,4.701261157051172
PLOT-016764,3.2098929518742128
PLOT-015648,1.942631938496626
PLOT-017653,2.8361436610307815
PLOT-016322,2.430451859201017
PLOT-016576,2.53850283345141
PLOT-017209,1.6025092389497881
PLOT-015113,2.1850854145267213
PLOT-017963,2.3989785427892674
PLOT-015986,2.152850475025443
PLOT-018126,1.4719483716231956
PLOT-015747,3.46172644759906
PLOT-016863,2.289349250523842
PLOT-015222,4.923891410849162
PLOT-015518,2.2037960041393054
PLOT-016348,2.5693096454383455
PLOT-016502,2.21820220659234
PLOT-017666,3.4996838546345694
PLOT-016665,3.9883748539340056
PLOT-016555,1.908225323215075
PLOT-018528,2.8072226609286988
PLOT-017725,2.8684187265942147
PLOT-015035,2.6712243045165684
PLOT-015830,2.516434667634718
PLOT-017175,2.5736814178355845
PLOT-017631,3.005293082368425
PLOT-016761,2.1186720164956947
PLOT-015347,0.9792210188878366
PLOT-015167,0.8292125351507492
PLOT-018253,3.7114789716326895
PLOT-015116,1.9035534511938796
PLOT-015530,3.44369907000004
PLOT-016394,1.0079306479380832
PLOT-016028,3.261306100357745
PLOT-018599,2.5110862849823383
PLOT-017445,1.9530715549928617
PLOT-018529,3.3070190972652367
PLOT-017872,4.150401428524943
PLOT-018550,2.506630672527446
PLOT-017659,1.0660061032062367
PLOT-017702,3.209668502584424
PLOT-016779,2.780265818024782
PLOT-016025,2.0683998483232964
PLOT-015081,3.644285848005699
PLOT-017162,3.323177519063427
PLOT-017030,1.1868568819865384
PLOT-018728,1.3178570479867364
PLOT-018180,3.7666719900542165
PLOT-016476,3.8330045902701175
PLOT-018197,1.3671633027791061
PLOT-016477,1.0049236071987393
PLOT-017510,2.9268909351237964
PLOT-018582,1.8388599182994465
PLOT-016886,2.003599256350397
PLOT-018231,3.283002411065238
PLOT-016629,3.3050551962446653
PLOT-017464,3.833651126326425
PLOT-015040,3.154930118915355
PLOT-016704,3.53857026191311
PLOT-018308,3.5393190321522963
PLOT-017859,2.4849440090133346
PLOT-015311,2.5479610535766533
PLOT-016631,3.112120647068265
PLOT-017218,3.30196078993085
PLOT-017067,2.8103575593466523
PLOT-016426,3.156717592546789
PLOT-017002,1.8037668596990042
PLOT-015357,3.1532691842092335
PLOT-018473,2.0399333447581194
PLOT-018372,2.2035872541815036
PLOT-016827,1.096943880320799
PLOT-015128,2.3266573643615143
PLOT-016009,5.394854130967211
PLOT-016813,0.9488058307887998
PLOT-017244,2.9168179744593923
PLOT-015657,1.25690233629869
PLOT-016246,4.227120123587863
PLOT-018472,2.0306829311819214
PLOT-015201,1.900575114558693
PLOT-018543,5.759537312850947
PLOT-016421,2.1014050331103302
PLOT-018190,2.9193165479891405
PLOT-017757,2.2331138310088043
PLOT-018545,2.279479116363882
PLOT-017964,0.8618618176339788
PLOT-015593,3.4617031467014105
PLOT-015970,3.63872275547652
PLOT-015202,1.922953305719279
PLOT-018137,1.4209697422478995
PLOT-016974,2.76573356776955
PLOT-017480,1.0036366435306907
PLOT-018524,1.2085470981802524
PLOT-017382,2.6425541592977706
PLOT-017252,2.004852322679652
PLOT-016980,1.2883209453666364
PLOT-018427,1.39411693718373
PLOT-017941,5.070602700213728
PLOT-016187,2.0618493040481263
PLOT-015351,2.526921597026553
PLOT-016755,6.282440958606644
PLOT-016595,1.4763322892412925
PLOT-015042,4.009230145807021
PLOT-018026,2.400143236209923
PLOT-016273,4.546506470563332
PLOT-015574,2.3377817020905773
PLOT-016920,3.5090749396760303
PLOT-018224,2.0599019277588644
PLOT-015856,2.6740220044557326
PLOT-017141,3.6133868682338295
PLOT-017047,0.8762819353281507
PLOT-016808,0.806626094367955
PLOT-018125,0.9970699580449149
PLOT-016898,4.796769372365407
PLOT-016846,2.69380386752274
PLOT-015875,3.6092826097093624
PLOT-015103,1.7119566859471227
PLOT-017506,2.542346661679039
PLOT-015604,2.0891471732700495
PLOT-018597,1.890530527571952
PLOT-016233,2.5177646219696532
PLOT-017959,5.585395171901461
PLOT-016433,2.636471585548501
PLOT-015384,2.0090787099990712
PLOT-015893,3.974168814369292
PLOT-015056,3.790073319387086
PLOT-015711,2.0953741670106925
PLOT-018461,1.6996365775509756
PLOT-015355,2.855330229504547
PLOT-016842,2.340400142478917
PLOT-016018,1.5841037192599645
PLOT-018645,1.256755803326213
PLOT-015307,5.143236071895621
PLOT-015813,0.9375772464916506
PLOT-015041,2.552084484710598
PLOT-018421,3.401028088559411
PLOT-016405,4.5418999934079185
PLOT-016681,4.239264336075102
PLOT-015882,3.614458036267265
PLOT-017220,0.8058735790696383
PLOT-015698,2.11264325057674
PLOT-017364,2.551903277709943
PLOT-018233,2.1321276249295154
PLOT-017051,4.09061627823866
PLOT-017378,2.739713606295513
PLOT-015215,2.5252802018062703
PLOT-017146,2.5876420631266464
PLOT-016370,2.1421687957913593
PLOT-016566,0.9760530788182376
PLOT-018702,2.6536414717808308
PLOT-017360,0.8253703307908863
PLOT-016516,1.4250509744036528
PLOT-016766,2.9625840663587444
PLOT-017452,1.4987616415764908
PLOT-016037,1.9337005169934296
PLOT-016510,2.4495367216561124
PLOT-015411,3.4062884006769285
PLOT-017981,1.1316759380357038
PLOT-016301,1.6834661988296913
PLOT-016296,2.5565277498390504
PLOT-018498,2.765619486438439
PLOT-017601,2.381387074208649
PLOT-018566,3.799469009906451
PLOT-015758,2.8602037474509037
PLOT-017212,2.9588771321182725
PLOT-016317,2.8291145155684934
PLOT-015073,4.641738512339408
PLOT-015025,2.7709280527453446
PLOT-017208,2.995035535258664
PLOT-016126,3.8214803298818545
PLOT-016139,0.8668288947152271
PLOT-015505,2.2542613633264543
PLOT-016560,1.9808009282775634
PLOT-017230,3.0889620551528267
PLOT-016120,2.313689707549846
PLOT-018414,0.8953722988834182
PLOT-015586,1.7861843010916039
PLOT-017909,3.1168979966766455
PLOT-015611,1.3080318875613368
PLOT-016089,2.288491114796956
PLOT-016535,2.8672538169254573
PLOT-016408,3.5488244625887986
PLOT-015348,1.4176446800273341
PLOT-015885,2.6260269793318094
PLOT-018644,2.332130278927012
PLOT-018087,3.2836719430301473
PLOT-015782,5.106927352390886
PLOT-018246,2.1450265162662663
PLOT-017458,3.9125316997254176
PLOT-015629,2.8022271280093456
PLOT-015408,2.5718639909105963
PLOT-015164,2.8424450680926467
PLOT-017957,3.1222633219869422
PLOT-016969,1.8237918613345205
PLOT-016649,3.4475809374618844
PLOT-017380,2.6274901273795153
PLOT-016087,2.4432213242023044
PLOT-018572,2.3312156796945422
PLOT-018101,2.406164770719741
PLOT-017389,3.134714536635522
PLOT-018709,3.90602497964316
PLOT-016754,1.0394651324867275
PLOT-015294,1.5718502138105848
PLOT-015965,4.2719040713095575
PLOT-016822,3.122068691466036
PLOT-018234,1.99218159903097
PLOT-015528,4.189291497743971
PLOT-016968,2.30522995611242
PLOT-015027,2.91823936733362
PLOT-017478,5.2168107177900644
PLOT-016673,4.285208723165313
PLOT-015274,4.531267507131751
PLOT-016072,3.487610517590007
PLOT-016074,3.4865199407033196
PLOT-017356,1.04721424941093
PLOT-017494,2.8066152930585457
PLOT-017405,3.0637991236880078
PLOT-017774,2.7849809029512618
PLOT-015585,2.724118591205922
PLOT-015837,2.7550262566936925
PLOT-015710,5.259045612045009
PLOT-017819,1.6178137444489729
PLOT-016250,2.048503972503028
PLOT-016437,3.422337299368507
PLOT-016553,4.132750589890751
PLOT-015816,4.837012521489515
PLOT-018694,1.5761197480425488
PLOT-017427,6.745431980330305
PLOT-015957,1.8863273109691776
PLOT-015302,3.777932894570706
PLOT-018289,2.2850633993425435
PLOT-018636,2.6876064345949167
PLOT-016063,3.0783884452536046
PLOT-015872,2.3120903399486674
PLOT-018271,2.6560940726564244
PLOT-017861,2.1372443111185437
PLOT-017936,3.667726262959879
PLOT-015923,1.6574058399611264
PLOT-015059,3.3996965614662367
PLOT-018014,3.887409610962446
PLOT-018420,3.522966062288387
PLOT-016975,2.758307503382436
PLOT-015023,2.532964004866126
PLOT-017474,1.8987000920613795
PLOT-015683,3.1652436509314636
PLOT-018512,4.066973987468843
PLOT-018483,1.4138585100748522
PLOT-017056,1.4431396990330905
PLOT-015228,3.3759581767003293
PLOT-015489,2.0351004552858667
PLOT-018201,0.8439295047738863
PLOT-015829,2.0997682624190985
PLOT-017784,2.6171912959909993
PLOT-015385,5.583690293299895
PLOT-015015,2.107972319753925
PLOT-017399,2.921668246629283
PLOT-018541,3.7110736713362664
PLOT-016388,2.758940789408702
PLOT-018041,1.509940501832858
PLOT-016588,1.39385521645178
PLOT-018445,2.163699078916245
PLOT-016751,1.603219874953422
PLOT-016150,3.3276262833492107
PLOT-016304,3.8305101632158403
PLOT-016231,5.989912881869835
PLOT-016792,2.8415503709214267
PLOT-016269,3.1550443474851706
PLOT-018474,1.8659765376684392
PLOT-015497,3.6547241067312712
PLOT-015352,2.6826962628078426
PLOT-016838,1.562911931790718
PLOT-015001,2.8959774113660393
PLOT-015285,1.4697150605146136
PLOT-016646,2.8692845987163014
PLOT-015783,1.0516857788939455
PLOT-017462,1.0079067763844642
PLOT-018321,3.585936046660763
PLOT-015068,2.8623940650711237
PLOT-015403,3.7195380211429967
PLOT-015797,1.0956743333698087
PLOT-018725,2.773919243178529
PLOT-018021,3.1247507998710544
PLOT-017023,3.944948120603714
PLOT-015177,1.8444208796540271
PLOT-015953,2.097518759138078
PLOT-017139,2.81467084226157
PLOT-016200,3.5578582316227334
PLOT-017843,2.124868862978695
PLOT-017300,1.5438013918635265
PLOT-016756,1.9648621066675291
PLOT-016577,5.101070920975998
PLOT-017241,2.940503094202626
PLOT-017852,2.8688931865229668
PLOT-016507,1.9422760363282938
PLOT-016497,3.3703946135098906
PLOT-017688,4.903174546224975
PLOT-015538,0.9691436950945597
PLOT-016330,2.3771984202481358
PLOT-018207,3.131711061982687
PLOT-018459,5.205289430772139
PLOT-016488,3.680593884072257
PLOT-017018,2.4422093644334946
PLOT-016744,2.3484062531510994
PLOT-017920,0.9314117892376572
PLOT-017408,2.8526174223694074
PLOT-018431,1.5899462729435245
PLOT-018563,5.404117331989339
PLOT-018596,6.141391846277548
PLOT-015948,2.1206791121545203
PLOT-015510,2.4273400756393824
PLOT-016393,0.8464879050961002
PLOT-016508,5.1506984643972595
PLOT-017398,3.564533598744894
PLOT-017808,2.6458965231819285
PLOT-016331,1.56287472235162
PLOT-016309,4.965038610640923
PLOT-018002,1.234421155793774
PLOT-017396,1.8967223050593767
PLOT-017420,1.7472922432597184
PLOT-017544,3.8910255484859864
PLOT-017354,1.917025130649032
PLOT-017608,2.5193729230614075
PLOT-015663,4.291244552041032
PLOT-015573,2.7984711307885486
PLOT-017896,2.1236179505963544
PLOT-017372,3.0060090500666075
PLOT-018265,1.915311730958717
PLOT-018151,2.8424397331743947
PLOT-017485,5.263104596213998
PLOT-017187,2.29663142632299
PLOT-017584,3.9587047616260187
PLOT-017045,3.51694468070438
PLOT-015282,3.950888637116981
PLOT-015258,2.7436140816868413
PLOT-016811,2.090112196085588
PLOT-016797,2.185762722447574
PLOT-017604,3.9862163365003673
PLOT-015725,3.7302853101234645
PLOT-016636,2.7583676147038343
PLOT-015677,1.5818787418450728
PLOT-017489,3.4789671948758274
PLOT-016152,3.950982105880655
PLOT-016346,4.444212761371262
PLOT-015055,2.9982065843923595
PLOT-017773,1.9653837116937762
PLOT-016411,2.4931956710899916
PLOT-017755,1.3270062938285014
PLOT-017214,2.6099077634553156
PLOT-018583,2.3150398264282943
PLOT-016361,3.6946518308573153
PLOT-015888,2.939631933319931
PLOT-018001,3.378828269537523
PLOT-016819,2.903203970951269
PLOT-016972,0.881171850028389
PLOT-015714,3.16716715789407
PLOT-018405,2.696027021414083
PLOT-016056,3.6044576626250264
PLOT-017286,2.3845904796608406
PLOT-017207,1.0687943745171953
PLOT-015617,0.842771049353205
PLOT-015123,3.046437110355904
PLOT-018205,3.255113060210848
PLOT-015334,3.103245557009691
PLOT-017816,3.878632184276267
PLOT-015304,4.614423436802425
PLOT-015980,2.456289349171489
PLOT-018329,2.739859374613693
PLOT-015581,4.500736702277755
PLOT-016616,3.584013859814823
PLOT-016194,1.6497246363134173
PLOT-016824,1.0838738880266157
PLOT-016879,2.460484871247353
PLOT-016981,3.6182149209522576
PLOT-016861,2.5842786335610373
PLOT-016350,1.1013509113240791
PLOT-015409,2.5455205845515607
PLOT-015675,1.0707417617216586
PLOT-015297,2.2947457810555414
PLOT-015925,0.5457076632862774
PLOT-015022,2.483681842623416
PLOT-018000,5.70897319072345
PLOT-017479,3.435431516116084
PLOT-015728,4.968394746975915
PLOT-016307,2.6385459809464904
PLOT-015671,1.9236149402952523
PLOT-016672,3.212076661817505
PLOT-016199,1.9568899975456389
PLOT-018717,4.181367672666012
PLOT-018652,3.5703767010502694
PLOT-015293,3.9673089581145957
PLOT-018730,0.7809322737549369
PLOT-015126,2.9220579576806105
PLOT-017247,3.427893627831985
PLOT-017578,0.8180294695698411
PLOT-017467,2.2612877705546466
PLOT-015692,2.405696015492009
PLOT-015686,2.419495050247689
PLOT-015817,3.330524024972361
PLOT-015216,4.682303855649193
PLOT-015152,4.925594388003423
PLOT-017999,5.080930870093417
PLOT-016992,2.7335258169159613
PLOT-017605,3.4294520393874715
PLOT-017008,2.0846819046342033
PLOT-015478,3.364920065340344
PLOT-016282,2.267380390252475
PLOT-016604,4.4129337422696
PLOT-017518,2.074704300825671
PLOT-016666,2.71343505967705
PLOT-017962,4.347634227224852
PLOT-015812,2.4578831375549766
PLOT-015250,1.9381826178256667
PLOT-015843,2.8030305752418148
PLOT-017125,2.7671144364011435
PLOT-017857,2.9727574462752124
PLOT-018640,4.087236134820434
PLOT-015967,1.5636469368592691
PLOT-017885,2.64943864873516
PLOT-015972,2.447960182473659
PLOT-016896,2.3432681982806547
PLOT-017235,0.6476107517513409
PLOT-015246,2.603098880361007
PLOT-017203,1.9272361671211435
PLOT-018641,1.9284332265311468
PLOT-018307,1.7742233506653655
PLOT-018379,2.5625410247341187
PLOT-017331,3.8993721869253655
PLOT-018744,0.46364644983847836
PLOT-017585,4.098879112566965
PLOT-018272,2.1885739623307665
PLOT-016505,1.7929923055488617
PLOT-016345,3.9595491654150012
PLOT-018091,0.9075541657736491
PLOT-015975,2.8913068723245603
PLOT-017686,2.415614778617239
PLOT-016645,3.069185614389037
PLOT-016679,2.0631310794107502
PLOT-017697,2.4190236409433092
PLOT-015122,2.133294737484403
PLOT-016534,4.080325952903211
PLOT-018044,0.5671568126123707
PLOT-018169,2.4681641840682795
PLOT-017967,4.252868648907981
PLOT-017100,3.8430327035307723
PLOT-015869,3.145803667144284
PLOT-018646,2.6096786999096326
PLOT-016030,4.951978956102707
PLOT-015756,3.547630461261091
PLOT-016998,2.7958688521143253
PLOT-016156,1.3851343256511062
PLOT-017115,3.105026661837375
PLOT-017817,2.75068958475036
PLOT-015332,2.839492073017911
PLOT-016592,2.1689950077045825
PLOT-017384,2.911151612218347
PLOT-016575,3.4658689360181163
PLOT-017683,2.37761275612995
PLOT-015472,2.0074908416707062
PLOT-015901,3.0380144260451893
PLOT-015865,3.2274873692053863
PLOT-016329,4.591735436729597
PLOT-016342,3.6642625482255795
PLOT-015741,2.147689416632674
PLOT-018478,1.6559472132794621
PLOT-018291,2.9094121949698484
PLOT-017180,3.2432384288103133
PLOT-018484,4.4282382435277645
PLOT-017562,1.6449411666253657
PLOT-016628,3.535752715264753
PLOT-017806,4.0220566184277695
PLOT-017438,4.628581374666526
PLOT-016149,2.692950848892826
PLOT-018045,2.4674027737380473
PLOT-018164,3.0965724249098012
PLOT-015256,4.402419981755661
PLOT-015633,3.093194283404397
PLOT-017337,1.7503210422362807
PLOT-018009,1.8798110709684486
PLOT-015777,3.9838518926571913
PLOT-017953,0.8767417704787533
PLOT-017101,1.7175590497674063
PLOT-015557,1.21734767922429
PLOT-018481,3.392514949561769
PLOT-016985,2.109614910595794
PLOT-017088,3.237299074919468
PLOT-015261,3.752757609073802
PLOT-017131,2.1891697322820276
PLOT-018011,3.6888539715969553
PLOT-018040,3.059438587704678
PLOT-016889,2.6765261099487043
PLOT-017532,4.556130258297003
PLOT-017078,2.5734772122639606
PLOT-018034,5.758730460465661
PLOT-018436,1.0225858523120404
PLOT-015208,3.286803590057063
PLOT-018349,1.2945200194515247
PLOT-016913,2.557766470281454
PLOT-016606,2.8792613298499994
PLOT-016020,0.9565816028767954
PLOT-018348,3.284676756295218
PLOT-016403,3.411320521004214
PLOT-017555,5.082242614406607
PLOT-017096,1.203233407918991
PLOT-015209,0.984244921587445
PLOT-015153,1.9384468359145304
PLOT-017881,2.4275285346627995
PLOT-016590,2.4264483841649067
PLOT-017442,3.2940992987960347
PLOT-016147,3.1183001881266255
PLOT-016967,2.5174818724774615
PLOT-017316,1.2031515060269955
PLOT-017433,2.2145740763167154
PLOT-016633,2.3554723369044748
PLOT-017089,3.2565206693092947
PLOT-015597,3.222217766566481
PLOT-016931,4.625652460991651
PLOT-016656,2.7922602409986848
PLOT-015680,2.076142228737254
PLOT-016565,2.3255074303647296
PLOT-018275,2.7012326685121653
PLOT-016328,2.8945757376382804
PLOT-017087,2.310686722681338
PLOT-017753,3.3741719416954825
PLOT-016518,2.4624452140745694
PLOT-017287,1.7753983294500915
PLOT-018713,3.6953921437951713
PLOT-015221,3.481791897313396
PLOT-015225,1.6602051401695792
PLOT-018577,3.974788033582029
PLOT-018166,4.718153560402918
PLOT-017517,3.471892122527471
PLOT-017642,2.4091177331724345
PLOT-017393,3.847271661271108
PLOT-016760,2.818779003468243
PLOT-016360,2.9188084543578614
PLOT-017324,2.3073283645882365
PLOT-018155,4.727144227134843
PLOT-017802,3.849251984175286
PLOT-016492,4.885607590013435
PLOT-017744,2.0296900184676767
PLOT-017763,0.8613926640464881
PLOT-017009,3.5404415968676974
PLOT-015205,2.9975343455335417
PLOT-016027,1.8927832479217017
PLOT-018540,3.106576431680152
PLOT-017596,1.9588580974301322
PLOT-016046,4.065418218149722
PLOT-015693,3.474341329921409
PLOT-017956,3.686346985266
PLOT-018549,1.5497069430840875
PLOT-016186,3.3668452787172707
PLOT-016369,2.577691767771719
PLOT-016907,2.846842956391053
PLOT-017726,0.8407481868086908
PLOT-015016,1.993646389180313
PLOT-017514,1.7561505946405829
PLOT-017205,3.228530550641171
PLOT-018729,1.8446465850114817
PLOT-016676,1.3552173115085298
PLOT-016184,4.732169756030142
PLOT-017353,2.7824671250247643
PLOT-015656,2.582888035587454
PLOT-016571,2.537172254334181
PLOT-016737,3.735790642405958
PLOT-016419,2.463465627347609
PLOT-015399,2.5270932825654975
PLOT-015618,2.9834625971731685
PLOT-015508,0.6705657922417178
PLOT-018106,4.412104780371871
PLOT-018437,2.6672137178028676
PLOT-017960,3.579144623495739
PLOT-015867,4.814367020604671
PLOT-017507,2.339230398572898
PLOT-015886,2.3565314032209534
PLOT-017110,2.878927173823223
PLOT-015599,4.483257252209673
PLOT-017658,3.498855669196392
PLOT-015457,1.7978083062281798
PLOT-017618,1.620244775388511
PLOT-016117,2.517015341960649
PLOT-015870,3.814871060297629
PLOT-015790,2.373736803227046
PLOT-017260,2.518135900315645
PLOT-015954,1.2539252752044643
PLOT-015650,4.384494005960347
PLOT-015733,2.3673446350959777
PLOT-018533,3.278982080773998
PLOT-015379,1.772524704190237
PLOT-017612,2.483366603627306
PLOT-018030,2.704577788159139
PLOT-015956,2.7928265738766767
PLOT-015171,2.0616869311003936
PLOT-016944,2.572755826683458
PLOT-017279,3.6522290880813046
PLOT-015659,3.06023539735729
PLOT-017430,2.9468823774451636
PLOT-017528,0.6665942331816981
PLOT-017120,2.6407498752609064
PLOT-016094,1.858588259058776
PLOT-018068,3.099464464184922
PLOT-018707,1.926502988656876
PLOT-017219,2.5104899258861884
PLOT-015642,1.8595582531002117
PLOT-015168,2.3321345848484984
PLOT-016517,4.16413320021058
PLOT-016800,3.8409817835379796
PLOT-017682,2.662566980569993
PLOT-016917,2.620953437758155
PLOT-015272,4.3060358781072665
PLOT-016215,3.2188203975342726
PLOT-017468,3.6349189398316257
PLOT-016118,2.3845395516368204
PLOT-018098,4.637496964803462
PLOT-018350,1.837624301206286
PLOT-016066,3.009414217705764
PLOT-017104,2.6620094534654224
PLOT-017792,3.592841247437803
PLOT-017877,2.3283289933361044
PLOT-016912,2.594259238540204
PLOT-015038,3.6000358626080393
PLOT-015306,3.5417029974323313
PLOT-015006,1.7101268097217304
PLOT-017456,4.95534423851133
PLOT-015781,3.012198467494597
PLOT-016190,1.460267483660195
PLOT-015534,3.020515610740751
PLOT-015583,3.3947966604927857
PLOT-017980,2.044379605874642
PLOT-018671,2.8613296558870194
PLOT-018168,6.150743507779289
PLOT-018440,5.342408377890916
PLOT-017750,3.3034747822540313
PLOT-015316,4.031433715164687
PLOT-017197,3.400520795986433
PLOT-017414,1.576457101230709
PLOT-017564,5.317493792351582
PLOT-016794,2.5119445304549
PLOT-017581,3.0080811314703833
PLOT-017708,3.8566355593180943
PLOT-015271,2.5282405864937685
PLOT-015548,2.286453463950204
PLOT-016692,4.390113188627253
PLOT-016719,2.857396763954197
PLOT-018451,1.9226459557913147
PLOT-018464,1.6766490564437149
PLOT-017390,4.939386530026979
PLOT-015598,2.7245813269127974
PLOT-016689,2.5924219890688565
PLOT-015894,3.1368082771107337
PLOT-018733,2.0151882204661
PLOT-016775,5.759976334994009
PLOT-015570,2.0807429298993894
PLOT-016999,1.337020153854448
PLOT-017122,0.8672534369123714
PLOT-015061,2.188074749859801
PLOT-016247,2.1733121671606157
PLOT-018748,5.576112662616691
PLOT-016259,2.5455420712567056
PLOT-015809,2.432970251358221
PLOT-017292,3.4052567204075093
PLOT-016049,0.859047004469128
PLOT-018454,2.739561903679952
PLOT-015107,2.940525567682885
PLOT-017153,3.4414937170565496
PLOT-015673,2.687490596619563
PLOT-017690,1.594635637883866
PLOT-017995,3.708277359323995
PLOT-015665,3.903976880522405
PLOT-015509,3.056458639982938
PLOT-017179,2.616339383977897
PLOT-016640,1.3639733948734043
PLOT-017492,1.9866302651208043
PLOT-018303,2.7720536298431266
PLOT-016532,2.93449884795474
PLOT-015866,2.775145363974416
PLOT-016855,5.785457719019479
PLOT-016736,0.9047154435822455
PLOT-016060,3.6703187869059577
PLOT-018536,4.386079179077699
PLOT-017105,2.8492894887954576
PLOT-018419,0.8083162393328451
PLOT-016973,1.000743623789307
PLOT-015589,1.9003124439263852
PLOT-017996,5.263071521721882
PLOT-018263,2.504467891410048
PLOT-015086,4.744785579927116
PLOT-018615,0.6264291878796101
PLOT-015771,2.859797764909526
PLOT-017954,3.683825323420725
PLOT-016249,2.5822223005401184
PLOT-015708,4.542590004528848
PLOT-017472,3.170593800374303
PLOT-017985,2.019231301062674
PLOT-018316,1.4030356535457722
PLOT-017586,1.7422689800705888
PLOT-016860,1.7981322355902176
PLOT-018181,2.799845574556146
PLOT-017128,2.223359557258963
PLOT-018305,1.7678584172356928
PLOT-018177,2.2187661459620265
PLOT-015418,2.4227371709321113
PLOT-016461,2.9932317077118262
PLOT-016484,2.2607133304827904
PLOT-018609,5.1215682953805235
PLOT-018465,2.437509231290623
PLOT-018600,2.766466953934379
PLOT-015851,3.842015810516007
PLOT-016004,3.6688056161200175
PLOT-016996,2.8205622276121716
PLOT-016834,3.119354740612188
PLOT-017947,2.470454254853767
PLOT-015436,2.3727891726656467
PLOT-016316,4.508699918004312
PLOT-016623,4.383496820183029
PLOT-016480,3.4881066226616317
PLOT-016648,2.992518057890076
PLOT-016003,2.9358556455220226
PLOT-016278,1.861852323230716
PLOT-016823,3.4056070506140936
PLOT-018029,3.17974594876059
PLOT-018602,0.85058812154022
PLOT-016836,1.5903678746376562
PLOT-018554,3.616527990459449
PLOT-017352,2.1894435854290863
PLOT-017282,1.903929799591509
PLOT-016546,1.913290297406703
PLOT-015335,3.133355174141967
PLOT-017617,3.905016703520899
PLOT-015088,2.7893099113054913
PLOT-015874,1.949189810304304
PLOT-018285,5.684566863717742
PLOT-015543,2.223801568848767
PLOT-016241,2.193398579334228
PLOT-017760,4.092232485156559
PLOT-016880,3.9173012151339974
PLOT-018611,4.688737017174505
PLOT-018111,2.922326577395995
PLOT-017269,2.085361990538917
PLOT-015319,2.267131556964008
PLOT-015519,1.2140698155542142
PLOT-017903,1.9256264674054944
PLOT-015878,2.198158870768986
PLOT-018561,2.3212548971740383
PLOT-015825,3.46870783233678
PLOT-016290,0.9816861588852537
PLOT-018210,2.7182555275432456
PLOT-018333,1.0606641153520806
PLOT-015138,2.7464916580049503
PLOT-015163,4.939633440910005
PLOT-016618,2.171378226653687
PLOT-018539,5.921932377049687
PLOT-016791,2.648194566177739
PLOT-016045,1.8797337471020212
PLOT-015960,2.122551936973131
PLOT-016750,3.0467576803939673
PLOT-018212,2.306594169077394
PLOT-017830,2.2365597003340203
PLOT-016504,4.024302450408198
PLOT-017889,1.9374512492397058
PLOT-018692,2.037675966532616
PLOT-016059,1.6464652148543075
PLOT-017681,3.8720903113884226
PLOT-018409,1.2749899203133865
PLOT-015655,2.537886144733608
PLOT-017064,0.5173254773157856
PLOT-018603,3.9204621284021894
PLOT-015137,0.9023438370133745
PLOT-017946,1.2501097023867311
PLOT-016976,1.2416415328991042
PLOT-016581,2.0280545896363926
PLOT-015697,3.4571986772526544
PLOT-016097,2.5930354961805198
PLOT-017836,2.8126534659690776
PLOT-018268,0.904131255444722
PLOT-017453,3.669248588064719
PLOT-017496,2.434960392048054
PLOT-016392,2.514280198292011
PLOT-018655,3.385023663926349
PLOT-016266,1.2255653928935955
PLOT-017375,2.2619011854829885
PLOT-017365,2.567004371449047
PLOT-015135,1.4208910070168623
PLOT-016169,1.5438661803085945
PLOT-017574,2.6657269689914505
PLOT-017135,3.2812724056352462
PLOT-016503,2.551326084293082
PLOT-016362,2.685154412002894
PLOT-017998,2.030021491178582
PLOT-015148,4.365073016325233
PLOT-015303,2.6954437261261392
PLOT-016017,0.769222802413873
PLOT-016924,1.5383402634807783
PLOT-016052,4.267918391711098
PLOT-018423,2.7694513352379255
PLOT-017413,3.7929800154201483
PLOT-017637,2.8040695274156167
PLOT-018262,1.711719031865204
PLOT-016904,2.867661851744594
PLOT-018254,2.5038290102845244
PLOT-015198,2.935617061736686
PLOT-016768,2.7470057182527454
PLOT-017240,3.341318400305509
PLOT-015404,3.5569873978403
PLOT-018328,2.243520259966245
PLOT-018743,2.805392638473549
PLOT-015483,2.3541882706498387
PLOT-016182,1.7692889935641662
PLOT-016339,3.118604890318828
PLOT-016280,3.1176405012723034
PLOT-016031,2.945508722902644
PLOT-015791,3.7750949276186803
PLOT-015799,4.345371413816908
PLOT-017432,2.208205580198478
PLOT-017798,2.2014822098801834
PLOT-016201,4.169472610615748
PLOT-015422,4.127356391911216
PLOT-017362,1.2992140660335527
PLOT-018716,5.4801519588110645
PLOT-016883,4.981789728941954
PLOT-018684,0.4053751249571468
PLOT-016479,3.8134344085581318
PLOT-017591,2.0048118790036384
PLOT-016928,0.886195933841056
PLOT-017710,2.129560667095485
PLOT-018147,2.8269910047372457
PLOT-016529,3.87567220112578
PLOT-015902,2.374698257332574
PLOT-017809,3.221399752197589
PLOT-015685,4.579375442086244
PLOT-016551,3.7695272551932404
PLOT-018438,0.8306367736068188
PLOT-015159,1.1062160929941243
PLOT-015999,1.6341797309457795
PLOT-018056,2.475399328724217
PLOT-018535,2.9302590919396185
PLOT-017250,4.762301185349418
PLOT-017689,1.9159057154395016
PLOT-015112,0.9548559572608794
PLOT-018567,2.8388842070571676
PLOT-016446,1.9431404700620398
PLOT-016952,2.814553468568297
PLOT-015922,3.0826076421302577
PLOT-016624,6.187447648582481
PLOT-018228,0.6416914743014438
PLOT-017853,2.686354332837037
PLOT-016319,1.4846625308049028
PLOT-016663,2.7977630968116847
PLOT-015815,2.787630914717627
PLOT-018095,1.6941097515804109
PLOT-017266,2.2824138846459214
PLOT-016473,2.251763880977105
PLOT-016773,2.0349409488991537
PLOT-015679,2.091431471323391
PLOT-018199,1.2067016693753259
PLOT-016093,3.417055945508369
PLOT-015080,0.9744385234291267
PLOT-016950,1.1718840694309374
PLOT-018519,1.8135487081947546
PLOT-018075,0.895663550360724
PLOT-018280,3.7586021876160256
PLOT-017800,1.3272944188625557
PLOT-016239,4.01844218694957
PLOT-015329,2.442444625136963
PLOT-015242,2.6371635680478036
PLOT-018073,3.7414435530158703
PLOT-015641,0.739857997107491
PLOT-015696,4.536013976574716
PLOT-017257,0.9471760550397743
PLOT-017818,2.446485667310908
PLOT-015753,2.465991637567372
PLOT-015435,2.472147683780792
PLOT-016563,2.247851618082685
PLOT-016934,1.8792967190958325
PLOT-018457,2.8271379823866862
PLOT-016712,2.825256440713881
PLOT-015551,1.354002151482236
PLOT-018127,2.7001690727166543
PLOT-018255,4.974766986709184
PLOT-015601,2.1990424324822255
PLOT-016964,1.6470116971317328
PLOT-016013,1.6531108598725088
PLOT-018204,3.7386460928478407
PLOT-016427,2.0446111118505725
PLOT-017012,2.17411681814062
PLOT-016386,4.284800679033299
PLOT-016295,4.1594237385623565
PLOT-015466,3.6267171198802926
PLOT-016499,4.175566069084357
PLOT-018218,1.222530612870717
PLOT-018670,4.267695696458706
PLOT-015277,2.1612214816127375
PLOT-016069,2.1169084994140244
PLOT-016548,1.1157038473850116
PLOT-016024,2.048329019995973
PLOT-016465,3.149616503613549
PLOT-017770,2.059064177723783
PLOT-015940,2.219108318366827
PLOT-017834,4.38201940582735
PLOT-018297,1.0157936407736143
PLOT-016466,2.3831391869528185
PLOT-016323,2.4360971657569412
PLOT-017675,2.344591304266097
PLOT-016399,5.034416167762359
PLOT-018099,3.566949067508312
PLOT-016449,1.5707564455780425
PLOT-015906,3.3181525873889286
PLOT-018352,2.6259185895927235
PLOT-017611,2.951694047491257
PLOT-016895,3.390493344690142
PLOT-015388,4.978466855378511
PLOT-017070,3.1003717767196366
PLOT-017943,2.884885918276964
PLOT-017172,2.807302230080422
PLOT-017968,3.7022028241029723
PLOT-017821,3.309778931295154
PLOT-015880,2.890774215940099
PLOT-018425,1.2489711906057006
PLOT-015050,3.5288872526905477
PLOT-016887,1.1630423550933209
PLOT-016702,1.9772063486635294
PLOT-018359,3.709881816747047
PLOT-015133,1.4058590413865661
PLOT-016105,2.9996733374989897
PLOT-015703,3.883253885741239
PLOT-015482,4.705226739223915
PLOT-016145,3.280975350763274
PLOT-017038,4.475977635715829
PLOT-018673,1.566624318139087
PLOT-015066,2.233233985031964
PLOT-018479,1.72783607344514
PLOT-017781,2.880480855022028
PLOT-017313,1.8383315648646594
PLOT-017849,1.9805847447370255
PLOT-018351,4.907975774548751
PLOT-015907,4.375293395370408
PLOT-015031,3.4837602835049863
PLOT-017465,2.5325748473411855
PLOT-017929,3.377498961421375
PLOT-017680,6.6581263827203365
PLOT-018551,2.755378339381197
PLOT-015010,2.1711390721976125
PLOT-015064,1.1366244021868315
PLOT-015776,3.753477862475178
PLOT-015077,4.782593662864819
PLOT-015491,2.380013389579658
PLOT-018145,1.1689152999604846
PLOT-018273,5.825588542319387
PLOT-017580,5.2162325812019965
PLOT-017113,3.221899898361073
PLOT-018453,0.7709256178237585
PLOT-017344,3.7296658238932587
PLOT-015591,1.7796887462307711
PLOT-017815,1.233825381094101
PLOT-016285,1.3411923681493605
PLOT-018269,3.4763922382153916
PLOT-015724,4.687698867813348
PLOT-017674,3.589096639457713
PLOT-018142,4.05288506398897
PLOT-018708,1.4453949830907535
PLOT-016212,2.1715669880568793
PLOT-018643,3.3354640257008805
PLOT-017299,2.8327090735299594
PLOT-018223,1.8039550898672134
PLOT-016637,2.4557031176058906
PLOT-018581,3.7438382788818503
PLOT-018574,4.577199030786845
PLOT-018665,4.085353387639882
PLOT-015982,1.7639954588797455
PLOT-015706,1.672215133712931
PLOT-017535,3.135112266216552
PLOT-016687,0.8047842492281618
PLOT-018388,4.3121308129731934
PLOT-015273,1.8703043347384123
PLOT-016709,3.1737945267587477
PLOT-018249,3.146683612937429
PLOT-018429,5.645209550188918
PLOT-015963,2.099323620138456
PLOT-017925,2.4247128058198504
PLOT-018136,2.950262381174512
PLOT-018573,0.6736099598868434
PLOT-018706,1.1253943139875702
PLOT-017459,2.3161919206523196
PLOT-018327,2.58063071337691
PLOT-018192,3.633472174527634
PLOT-016452,2.9158074776099014
PLOT-017715,0.6621977277206477
PLOT-015149,2.3144180832248478
PLOT-017692,1.94899970746704
PLOT-017767,2.38660783615465
PLOT-016757,4.183755338408471
PLOT-015218,2.983069373953103
PLOT-015239,2.3037837937787207
PLOT-016131,3.069302796304898
PLOT-018390,3.2622747003330623
PLOT-017840,3.5312000094197367
PLOT-017239,4.232662394173845
PLOT-017381,1.9390174019590816
PLOT-016253,2.55104225410572
PLOT-016053,3.6610830065499154
PLOT-018010,3.55711735579706
PLOT-016668,3.6174597821977184
PLOT-018178,2.35239077762391
PLOT-018712,2.921100685271782
PLOT-016357,3.238193725204859
PLOT-015775,2.599742409754847
PLOT-017630,2.6399279171443775
PLOT-017832,2.6878935244169533
PLOT-018274,2.0858660689413036
PLOT-015839,4.704695643279028
PLOT-015627,1.7187395626403656
PLOT-015323,1.3995708940953686
PLOT-018402,2.891753180726213
PLOT-018675,1.1125403361987156
PLOT-016867,3.184403140804122
PLOT-016160,2.2860700412617767
PLOT-017826,2.07797328628258
PLOT-016076,1.7299819758590953
PLOT-017987,0.850238761505979
PLOT-015437,3.116224078677141
PLOT-015119,3.667232536997554
PLOT-018306,2.594489286476965
PLOT-018089,2.242096776593002
PLOT-018314,2.9812219919395355
PLOT-016814,3.5418427090111133
PLOT-016839,3.437154409188962
PLOT-016026,2.6196461199970282
PLOT-015076,1.633254504185101
PLOT-015900,1.8850659324412273
PLOT-015371,3.1465110114704338
PLOT-016204,3.4647526965827407
PLOT-018186,2.8909835060398916
PLOT-018736,5.002871572449678
PLOT-015941,3.2576213427880476
PLOT-017625,3.4084006774863687
PLOT-017867,2.013050598731964
PLOT-015552,2.300335863980911
PLOT-015406,3.575513265874388
PLOT-017117,2.807673514931964
PLOT-016613,1.9639286936367037
PLOT-017934,1.3044263849549964
PLOT-015968,2.6731990636648786
PLOT-017833,3.5050748020017197
PLOT-018293,1.468453829444298
PLOT-018367,4.849161402875178
PLOT-017349,1.8903195843234828
PLOT-016746,3.3326254182572983
PLOT-015689,3.047334009850454
PLOT-017860,2.4535026431450793
PLOT-016738,2.755048476532205
PLOT-015236,4.55516029023446
PLOT-018592,6.784350243301476
PLOT-016986,2.3923672677951116
PLOT-016983,2.664573935340751
PLOT-017842,2.9069251219068315
PLOT-015499,1.3913780229704442
PLOT-015822,0.9912422783854654
PLOT-015794,2.8247922586553518
PLOT-018278,3.670457034422998
PLOT-015990,1.7135119144580315
PLOT-015567,2.7857264606727132
PLOT-017982,2.321791920859601
PLOT-017435,2.571817779628094
PLOT-015390,4.138689541351353
PLOT-015743,6.198573560709234
PLOT-017400,2.272140265153889
PLOT-016217,4.031420206593748
PLOT-015235,2.8818077298705
PLOT-018467,4.991252433626022
PLOT-015480,3.269609261547789
PLOT-017042,1.1276768991550998
PLOT-017615,2.913067361283537
PLOT-016677,1.1310728069653508
PLOT-018442,1.5809644014672386
PLOT-018626,3.3630529814308816
PLOT-018241,0.7309726103460713
PLOT-018318,2.602395619473922
PLOT-015120,1.277356388423839
PLOT-018487,3.782744019802941
PLOT-018072,2.190538671544364
PLOT-016272,3.267951546093868
PLOT-015926,5.870368937158082
PLOT-017563,3.8406064473000128
PLOT-016594,2.206902443247706
PLOT-015223,3.022149313887544
PLOT-015766,5.539738055920989
PLOT-015613,1.3117469121734087
PLOT-017891,3.7455661499380812
PLOT-016245,3.5100716708686983
PLOT-016540,1.067614554354005
PLOT-015052,0.7810270326726367
PLOT-015529,3.7748922232701894
PLOT-017533,2.88274945839872
PLOT-016899,2.060044162280119
PLOT-018677,2.5827554134733046
PLOT-015818,2.817012005300748
PLOT-015155,3.053056831122364
PLOT-017648,1.7019246098821113
PLOT-018612,2.6560554312629177
PLOT-015248,5.393191917686407
PLOT-015761,1.283767710552141
PLOT-016894,3.8679058772879933
PLOT-017029,3.3084650630652708
PLOT-018589,3.162948851714222
PLOT-016130,2.372368074275093
PLOT-015542,2.6120051595912352
PLOT-015793,3.1913155888308853
PLOT-016725,2.0643613473514724
PLOT-018200,2.9920043318507195
PLOT-015628,2.1376727177631127
PLOT-017198,5.009811000531605
PLOT-018401,5.107798983663842
PLOT-017339,3.0584784426709435
PLOT-017429,2.7305169399900544
PLOT-018579,2.4647844162655206
PLOT-017734,4.835731902054218
PLOT-016367,4.465196436614681
PLOT-016620,4.37796739954454
PLOT-017945,4.317077031461299
PLOT-018500,2.557394739564495
PLOT-017902,4.74597074957473
PLOT-016071,4.73340184350898
PLOT-015554,3.0928266582048116
PLOT-016828,5.033769302621503
PLOT-015826,3.7198065515099725
PLOT-016984,2.7219242527605196
PLOT-018450,2.1113316200509074
PLOT-016837,3.8396107966491586
PLOT-017939,6.315096038131435
PLOT-015535,4.068480691527537
PLOT-018361,1.3789825797511395
PLOT-017663,4.946022988898147
PLOT-015154,3.2902668086972313
PLOT-018238,4.378337597724659
PLOT-018149,2.2125637543546515
PLOT-017952,3.7732141922175337
PLOT-018538,4.60584210191835
PLOT-015322,4.2739350611416524
PLOT-016710,2.599032352171409
PLOT-015014,3.6503098709079813
PLOT-016798,2.1350679434160504
PLOT-018542,2.82406698271399
PLOT-015082,3.58182795394017
PLOT-017560,1.8205905933309219
PLOT-016943,2.5361842599405833
PLOT-016988,1.335283734322554
PLOT-017672,4.267961686155534
PLOT-016383,3.638216467493866
PLOT-016574,3.807574962491201
PLOT-017977,4.066065607082527
PLOT-018392,2.0942559762766764
PLOT-017058,2.2863470330988713
PLOT-018617,3.2789178301778708
PLOT-016494,2.8273144076133523
PLOT-015831,3.6120545542504927
PLOT-017080,1.7612700408665325
PLOT-016174,4.461825242470194
PLOT-015413,2.9249533592567483
PLOT-017628,5.578704057122415
PLOT-016817,3.3300913149504923
PLOT-015165,2.4007999276302123
PLOT-018236,1.4163189069130038
PLOT-018667,4.339029702088484
PLOT-015614,3.840311759630489
PLOT-018093,3.366137016276093
PLOT-016014,2.892142282710429
PLOT-017137,2.5555399766685007
PLOT-018462,2.5768990647898695
PLOT-018452,1.0265205636091523
PLOT-017649,2.1410185400356196
PLOT-016237,1.0096741107753626
PLOT-017181,2.5926288193197338
PLOT-015555,2.61276234120752
PLOT-018079,1.1841979948221475
PLOT-018320,3.912859608315038
PLOT-017368,2.53050300591739
PLOT-018530,0.8191328058619843
PLOT-016211,2.620238285023521
PLOT-018499,0.6787961989245146
PLOT-015634,4.076564098137083
PLOT-017600,2.7785972506556234
PLOT-016055,3.177989782453348
PLOT-017340,3.6803330139649355
PLOT-016708,2.4778613750234864
PLOT-015796,2.10777411535579
PLOT-017990,7.240242647408568
PLOT-018471,1.6999925895839862
PLOT-015174,1.269799880364699
PLOT-017814,3.07131676020279
PLOT-015245,2.886599737591267
PLOT-016080,2.813647262230323
PLOT-016654,5.533424372314696
PLOT-018711,2.8019988732540364
PLOT-015144,3.4821901897165604
PLOT-015145,4.395629088434817
PLOT-015090,1.441945418245576
PLOT-015682,1.002040663548441
PLOT-015310,1.6328944798339826
PLOT-015093,1.3462494197848625
PLOT-018322,1.8093006397757656
PLOT-016956,2.537990897576208
PLOT-015924,5.332501128342008
PLOT-018448,4.023615204559769
PLOT-016909,2.0534767204788875
PLOT-016035,7.734481785515652
PLOT-016400,2.2090929403906054
PLOT-017291,3.5202334429740394
PLOT-016500,3.640456968425626
PLOT-018159,2.303864271100203
PLOT-017262,3.3580727062213067
PLOT-016468,0.9107670727425976
PLOT-015998,2.674697606635162
PLOT-015853,3.0586584835025885
PLOT-017473,1.1606393632843497
PLOT-017204,5.234984616587655
PLOT-016142,2.0302555607477433
PLOT-016143,2.477401185385651
PLOT-017274,0.6611857876235131
PLOT-017944,3.354417942546392
PLOT-017048,3.3059523428690825
PLOT-015401,2.423145348952605
PLOT-016103,2.860021177515383
PLOT-015084,5.031885773519083
PLOT-017210,1.9305705826623838
PLOT-018620,1.4135916363328902
PLOT-015114,2.0612033886205388
PLOT-017718,2.8284984920601053
PLOT-018222,2.2887511305628054
PLOT-018276,5.030236633925364
PLOT-016585,3.0964909112870798
PLOT-016567,1.8232974917094575
PLOT-017937,3.7891282206848937
PLOT-016501,1.93369345205083
PLOT-016660,5.546172053904897
PLOT-016556,3.6731261400303543
PLOT-017007,1.0413972747990827
PLOT-015625,3.0324243512950813
PLOT-016885,1.392186022114856
PLOT-018722,4.612577762737116
PLOT-016866,3.5370268192133865
PLOT-015952,3.478341959397907
PLOT-017855,3.769696694891477
PLOT-017306,0.8397437385914474
PLOT-015624,1.6884641164148966
PLOT-017874,3.3176390782790204
PLOT-015234,3.954662779897499
PLOT-017183,3.1887908964831335
PLOT-017664,4.0389205081190305
PLOT-018267,3.1060348775652113
PLOT-017884,3.0894466960400373
PLOT-017890,2.44109583597333
PLOT-017034,1.1123410853921583
PLOT-018007,2.9360323989742403
PLOT-016826,4.19004469259286
PLOT-018571,2.5907306692905485
PLOT-017640,2.7554323069405635
PLOT-016314,0.96087933324934
PLOT-016525,3.960381341064505
PLOT-016562,2.461991650232262
PLOT-016752,1.972827815458622
PLOT-016605,5.111954814797223
PLOT-015343,2.1469909376993512
PLOT-018726,1.4908381515224172
PLOT-017341,2.0791916336599052
PLOT-017412,4.151678657535993
PLOT-017226,1.6496730476042585
PLOT-017707,4.523860539073611
PLOT-015996,2.833044279368822
PLOT-017062,3.391646707129206
PLOT-016110,1.3739708370921486
PLOT-017213,1.7062149837088458
PLOT-018203,1.0175825481543186
PLOT-016359,2.595355894868516
PLOT-017107,1.6753006035202331
PLOT-015709,3.98425400843872
PLOT-016878,1.3176161985115011
PLOT-017724,4.367915496231834
PLOT-016378,2.9787000222477906
PLOT-017828,2.3349293876471324
PLOT-015424,2.8705206738434774
PLOT-015292,5.832433178381982
PLOT-016065,4.926098384408016
PLOT-017921,5.630735397858344
PLOT-017377,2.190051636516343
PLOT-016638,2.7815838148165972
PLOT-017477,2.336286188961548
PLOT-016012,2.4488824384828636
PLOT-017127,2.8423117325688656
PLOT-016717,2.598769915215497
PLOT-018100,4.428726849451829
PLOT-015937,2.7455614134641673
PLOT-015834,1.1272985361507866
PLOT-017797,1.5623836652074248
PLOT-017938,2.520225683138894
PLOT-015254,3.8047056768813645
PLOT-018495,3.1261757548571416
PLOT-016482,2.7898684711820825
PLOT-018721,1.9795816324341176
PLOT-016407,1.784186247201454
PLOT-018156,2.859439254463873
PLOT-018649,2.0491335089373237
PLOT-017184,2.411842096809334
PLOT-018183,2.7459545114568122
PLOT-018266,1.5460322386492844
PLOT-017900,1.9204731317969765
PLOT-018250,3.50142560493805
PLOT-015723,4.852828651237436
PLOT-017907,2.3529212589791206
PLOT-015969,3.9665790855541454
PLOT-015496,1.8402936900742348
PLOT-015950,1.476152670349398
PLOT-015805,2.5359692793676647
PLOT-016829,2.183321138016711
PLOT-017177,0.8928246986363897
PLOT-016739,2.9219871008334395
PLOT-015337,1.2896733555174313
PLOT-015730,2.812207026454155
PLOT-015608,0.6000869130543275
PLOT-016148,3.085907793241816
PLOT-017243,0.9043442256315725
PLOT-018298,1.0889767031161608
PLOT-016713,5.289552384193052
PLOT-018340,0.7681363705163555
PLOT-018738,3.280016459410202
PLOT-015909,2.1636277771179224
PLOT-017632,3.1786491094425324
PLOT-017151,2.1650785614493406
PLOT-017010,2.8826290928893377
PLOT-017491,4.010474514401968
PLOT-018631,2.0780008130583676
PLOT-016810,3.484222059349607
PLOT-016994,1.0636370527797852
PLOT-015719,2.4949504879146502
PLOT-017932,2.7305021119540855
PLOT-017824,0.9432369744225267
PLOT-016569,2.9850780237693555
PLOT-017897,2.655747220841474
PLOT-017942,0.9064011425377593
PLOT-017275,2.5313971488629363
PLOT-015434,1.7751400844063634
PLOT-016299,1.8838737896189208
PLOT-017174,3.094888872771913
PLOT-015405,1.7713391288206124
PLOT-017823,2.7852508781934806
PLOT-015821,3.370502288187929
PLOT-017759,2.0921560457326818
PLOT-016789,1.9978826395234084
PLOT-018674,4.164354803688504
PLOT-018108,2.7398562464480807
PLOT-018211,4.437460570696589
PLOT-017351,1.883237147452093
PLOT-017315,2.3788199530950385
PLOT-016858,5.017814570190027
PLOT-016557,1.775556240703097
PLOT-015545,2.6701648244717755
PLOT-015212,2.417660205176975
PLOT-015896,3.9777269322520077
PLOT-018270,1.9711828115232934
PLOT-016941,2.1696946037328098
PLOT-016891,3.3550053960066535
PLOT-015916,3.098891512149943
PLOT-017723,3.100806432075193
PLOT-016289,1.0219871111032537
PLOT-015814,5.1413984124898455
PLOT-016265,1.2629719628231197
PLOT-015342,2.0525489735205875
PLOT-017597,2.405251446390704
PLOT-016410,2.889819599046746
PLOT-016214,2.80970351310368
PLOT-015966,4.607665105418559
PLOT-016230,2.917738579896889
PLOT-017343,2.2509180107368447
PLOT-015695,2.855606993858841
PLOT-017121,3.423621165579752
PLOT-015605,2.890805962333352
PLOT-015104,2.7697390511873876
PLOT-015645,1.8515106504958392
PLOT-016404,2.428836830911652
PLOT-015494,2.9655514332649178
PLOT-018088,2.7873456566769663
PLOT-017487,2.6587205981417132
PLOT-016019,2.8109019770409582
PLOT-015091,4.597277469049782
PLOT-016112,2.940584602036921
PLOT-018741,3.7188027435381072
PLOT-015908,2.2316838021931247
PLOT-016474,3.191033591518638
PLOT-016741,3.0943738507870298
PLOT-017150,2.4075704998604994
PLOT-015238,4.076960813773129
PLOT-018466,3.677162817014825
PLOT-015942,2.2933739296838644
PLOT-016270,2.282391217456572
PLOT-015938,1.966035368362374
PLOT-016424,4.4699913133060685
PLOT-018229,0.989001396396377
PLOT-016862,2.579003059626772
PLOT-016669,3.004849878355845
PLOT-015005,2.260286241458545
PLOT-015247,2.9547789021662925
PLOT-018013,3.667697250332558
PLOT-015018,2.0365609353204537
PLOT-017169,2.06143703396087
PLOT-016970,3.9315734775956974
PLOT-017709,2.6786239780273435
PLOT-017232,3.320307231389667
PLOT-017322,1.039042546477393
PLOT-017481,4.232338905778441
PLOT-015811,2.046830926786877
PLOT-016300,2.031165798128186
PLOT-016335,1.558999583506335
PLOT-018632,3.467314752854238
PLOT-015260,4.2444707536596065
PLOT-016804,2.9352657884104727
PLOT-016570,3.5756405619342186
PLOT-017229,3.9719946039036276
PLOT-015184,0.9387648492825833
PLOT-017454,3.41379267943827
PLOT-016743,2.32611737926417
PLOT-017913,2.5186840298164306
PLOT-016630,3.109911322185428
PLOT-016716,1.0789006639964511
PLOT-015520,1.455584477959381
PLOT-018051,2.693758181178401
PLOT-017428,2.87710141612863
PLOT-017016,4.703952933315206
PLOT-016658,4.5713422516892965
PLOT-018441,3.547018800236974
PLOT-016612,2.7951642871109543
PLOT-017475,1.91971520594561
PLOT-017126,3.913591339729434
PLOT-018057,0.836405134356183
PLOT-018734,3.667698379060522
PLOT-015607,6.724984581725026
PLOT-015230,4.754896673855872
PLOT-018140,1.2519644417384754
PLOT-015331,2.5990598037238204
PLOT-018105,1.2041925297692146
PLOT-016440,2.0797433287133535
PLOT-016927,1.9046483013660982
PLOT-016091,1.873033086791463
PLOT-016101,4.330445533479478
PLOT-016129,3.1029694335803333
PLOT-018283,2.1110448513010334
PLOT-015461,2.442758360704553
PLOT-015958,1.6036999761443735
PLOT-016662,2.0920601628607094
PLOT-015559,2.2860700937808343
PLOT-017894,4.110450712392996
PLOT-017738,0.5946728417589044
PLOT-018526,1.7660423850548297
PLOT-016519,1.1905239665588634
PLOT-017140,3.116494658589201
PLOT-018630,2.972801514874015
PLOT-017032,4.81402705999029
PLOT-017484,2.6518100384307703
PLOT-017538,0.9342906152025342
PLOT-017097,1.681122410862548
PLOT-018435,3.23872713265684
PLOT-018565,1.6936933791346132
PLOT-015069,3.480887444845359
PLOT-016572,2.8326141018964246
PLOT-015808,1.9412806937214662
PLOT-018232,2.812766602863803
PLOT-015011,0.6390079270414843
PLOT-017025,3.305965335295673
PLOT-017192,2.2323701202902893
PLOT-015917,3.7367213962574963
PLOT-016451,3.2183244444716057
PLOT-017687,3.4514327838965397
PLOT-015176,2.552436320334199
PLOT-015994,2.573780241611192
PLOT-017488,4.356547052674848
PLOT-017569,5.084342059219596
PLOT-018740,3.6892357816651153
PLOT-018052,3.4081414806843484
PLOT-016255,2.924777175545329
PLOT-018282,3.8235947332426874
PLOT-016664,2.1219723021179706
PLOT-017191,3.6542569643710814
PLOT-017801,1.0752065473797079
PLOT-017567,2.0036564698841257
PLOT-018370,2.006960403235915
PLOT-017870,2.1638386245171053
PLOT-016790,2.647082938795856
PLOT-017476,7.511730209402727
PLOT-017660,1.3153145791680183
PLOT-018080,2.294106367268223
PLOT-015156,3.7588758906993354
PLOT-017587,4.713766564973361
PLOT-016460,2.268404486453957
PLOT-017046,2.4500962774585195
PLOT-018338,2.01593873570706
PLOT-016850,1.6286488112619781
PLOT-017509,0.14859926412749902
PLOT-017624,3.6717368566615485
PLOT-018410,4.397099349072257
PLOT-017303,2.7329361494434234
PLOT-018027,1.8255713555525364
PLOT-017005,4.701882951478077
PLOT-016185,2.5851108642909186
PLOT-016006,0.7623450636268534
PLOT-015560,4.995250809731545
PLOT-017256,2.781770265290029
PLOT-015910,4.382941191322307
PLOT-016311,5.106443104864766
PLOT-017049,4.583862304378459
PLOT-018413,2.296920019989307
PLOT-015269,2.402516630658537
PLOT-016993,3.801461431223479
PLOT-015265,2.2962055917364035
PLOT-015914,2.4976905285662796
PLOT-017278,3.0260491339227182
PLOT-017231,2.105149457760111
PLOT-018167,2.890933981960798
PLOT-018732,2.942851230545281
PLOT-017912,2.438564048834198
PLOT-018114,4.786856984957201
PLOT-015873,3.2915000943612895
PLOT-017093,1.6600416576172383
PLOT-017446,2.0637962098614144
PLOT-015475,3.203616904554872
PLOT-016652,3.21062509821082
PLOT-016960,4.9265168227271205
PLOT-015045,2.9386911308471806
PLOT-015161,4.352412598419431
PLOT-018039,3.0152626111450624
PLOT-017775,2.084737583871271
PLOT-017677,1.9153211940967139
PLOT-015288,1.9615281860340972
PLOT-018107,2.598561220108909
PLOT-018718,0.794621581389421
PLOT-016948,2.128082253066161
PLOT-015575,3.6696362154675364
PLOT-015850,3.2252919434633918
PLOT-018387,3.8165487116426484
PLOT-015911,1.7253911214672046
PLOT-016254,5.589442474548429
PLOT-016833,2.187653055565773
PLOT-016722,2.1052221040727352
PLOT-017133,1.9875942512486722
PLOT-016735,3.720508755774579
PLOT-015932,2.928377987996515
PLOT-016100,3.8541540559045653
PLOT-016207,1.8314408651696945
PLOT-017295,1.3847776703055206
PLOT-016843,0.9664074783512999
PLOT-016848,2.618204731424017
PLOT-017524,3.3083551989027082
PLOT-016694,3.125621834904426
PLOT-015085,2.803125214924986
PLOT-015469,4.217326183035788
PLOT-017273,0.6949330443419123
PLOT-017822,3.752282461661173
PLOT-017379,2.389256981079811
PLOT-015233,2.8377685043226917
PLOT-017636,1.325066696302446
PLOT-017523,2.091307078421104
PLOT-018332,3.6499322951797333
PLOT-018699,2.6427784557062153
PLOT-017647,3.5254493846465196
PLOT-017469,3.5203252806913374
PLOT-016711,2.350040238301156
PLOT-015182,0.6552127742666376
PLOT-015988,3.09704720675161
PLOT-016000,2.3629734340505446
PLOT-016641,1.6370234171957923
PLOT-016356,2.855820557531729
PLOT-016462,1.431477040188326
PLOT-015049,2.045686248265638
PLOT-018637,0.8364992423067217
PLOT-018077,1.3190678476863795
PLOT-017577,4.9630723810095185
PLOT-016258,1.6154433359998315
PLOT-015486,3.714082376210411
PLOT-018715,1.5132885887866345
PLOT-017545,2.8499531692230713
PLOT-016908,3.2029329086807854
PLOT-015106,2.1636039280198154
PLOT-015443,5.059879875840249
PLOT-016954,3.7730432263081415
PLOT-018560,2.657317505787289
PLOT-015646,3.774937280947957
PLOT-018084,3.874798328597714
PLOT-016762,1.2472805724300442
PLOT-015726,2.6054556163310365
PLOT-017238,2.1342562793357356
PLOT-016856,2.780271548296388
PLOT-017330,4.547254773904751
PLOT-015029,1.046238574293667
PLOT-015169,3.3001695807573492
PLOT-016001,2.2022108602061565
PLOT-018252,2.0633545248077696
PLOT-017148,2.8707636276881656
PLOT-015197,1.8073987201638395
PLOT-015495,2.8652087251098477
PLOT-017026,2.0759266167386765
PLOT-015647,2.3377264520414505
PLOT-018035,1.1967483096505225
PLOT-015044,4.8991329234674525
PLOT-017758,2.6827982616974353
PLOT-015373,2.255304003481988
PLOT-015678,3.212894065101608
PLOT-015566,4.894170039795307
PLOT-017895,2.9675720228574596
PLOT-015460,3.1183434382122024
PLOT-016932,3.221915335303537
PLOT-018485,1.910643018143237
PLOT-016155,2.8300484584812526
PLOT-015039,2.299528087293704
PLOT-017482,1.7420467866062204
PLOT-015973,2.8159099537117642
PLOT-018287,1.0854864201599341
PLOT-018055,3.7736948460198083
PLOT-018627,0.9774367955201777
PLOT-018638,1.8722118284432374
PLOT-016786,1.1779833199961587
PLOT-016498,2.5432313752352464
PLOT-017504,4.382802884730864
PLOT-016835,3.1440054138924802
PLOT-017308,1.553588027907388
PLOT-016840,1.7163159059163768
PLOT-017083,3.5614294133759734
PLOT-015827,4.4104547407234875
PLOT-016935,3.5273025650131196
PLOT-017044,5.247036572675326
PLOT-015309,2.274232812288739
PLOT-015276,2.5007088039433567
PLOT-015636,3.682440047995462
PLOT-015654,2.8412625752565397
PLOT-015622,2.9120850260978646
PLOT-016859,2.907844065129752
PLOT-015844,3.8633535088881703
PLOT-015393,4.794740719138105
PLOT-017155,5.951188111366701
PLOT-015349,3.0716958804648793
PLOT-017572,1.0623950540420501
PLOT-015784,1.6271099953756751
PLOT-015047,2.9801397601943624
PLOT-016978,4.595356071270206
PLOT-017251,3.4396881885210884
PLOT-018651,3.344836946027603
PLOT-016655,3.0147100294718
PLOT-017069,4.786266134645955
PLOT-015402,2.627428030073257
PLOT-016107,2.2129165326458207
PLOT-016154,3.885906249727011
PLOT-016439,3.251850273747717
PLOT-018749,1.6050308985026294
PLOT-017001,3.7086407508357713
PLOT-015989,2.4242763249432677
PLOT-016865,2.6958610440337663
PLOT-017789,3.3768246078437
PLOT-016310,1.6909072928503026
PLOT-018195,2.321727005136747
PLOT-015033,1.2444779350551476
PLOT-015787,3.1825047504977375
PLOT-018588,4.753582529612645
PLOT-017971,1.7914080253754447
PLOT-016043,4.236625674702848
PLOT-015481,2.175247500195714
PLOT-016243,4.578705084464406
PLOT-017627,1.3203109449774262
PLOT-017529,0.6967900525474882
PLOT-015931,2.6921190609185524
PLOT-017404,2.3485154703055073
PLOT-016685,1.1086459494436933
PLOT-016248,1.5991503543556482
PLOT-015759,2.3786266769152133
PLOT-015092,3.1828557347203876
PLOT-016175,2.440455470519564
PLOT-016415,3.0458131101037598
PLOT-016341,2.184918567733259
PLOT-016472,3.253175630238575
PLOT-017851,1.4033539449021564
PLOT-017793,2.5828999500601526
PLOT-018594,3.1549290336210905
PLOT-017327,2.559579059460447
PLOT-016607,3.573920821317415
PLOT-015764,1.855894738514165
PLOT-017652,4.188212674725863
PLOT-018747,3.4313149912988967
PLOT-016373,2.704215396677662
PLOT-016951,2.566109840141427
PLOT-018446,2.2713194368360266
PLOT-017448,2.5313915656895336
PLOT-016728,0.8297664898742414
PLOT-015257,2.2869293422534938
PLOT-015944,1.774931223059967
PLOT-018144,1.497276109465944
PLOT-016219,2.6182465512914517
PLOT-018555,4.673613974665785
PLOT-016161,1.3071135822781492
PLOT-017542,4.779426496511376
PLOT-015772,1.1058946088107764
PLOT-017598,4.700866027406186
PLOT-016486,1.9984439429532916
PLOT-017249,3.8775912001839417
PLOT-015312,1.1136987261780413
PLOT-015290,2.05312629961219
PLOT-018261,2.913946663225681
PLOT-015763,1.6634868600229917
PLOT-018184,1.1064183251247355
PLOT-017997,4.367722580716972
PLOT-015183,1.4904918202215989
PLOT-016176,1.4905948807154088
PLOT-016349,4.615764416620369
PLOT-018116,2.213509024156121
PLOT-018516,2.2339301423574582
PLOT-018078,5.069471199927801
PLOT-017298,5.278547166305071
PLOT-017871,1.8391658057900393
PLOT-016099,2.457090069274015
PLOT-018584,3.3626027591802115
PLOT-017988,0.8955921500033148
PLOT-015391,0.9167567523485008
PLOT-016919,3.155577730650193
PLOT-016456,1.283110132330081
PLOT-016092,3.3981132063414363
PLOT-017022,1.8128300408853508
PLOT-018239,4.073142791240254
PLOT-015904,2.267616417402248
PLOT-017778,3.685479063692944
PLOT-017602,3.199547930593642
PLOT-015366,4.166817439306635
PLOT-015345,3.09630502031904
PLOT-018656,2.8226669110875457
PLOT-017583,2.3881757531557164
PLOT-018470,2.464347532692703
PLOT-018257,3.171590237231168
PLOT-016372,3.496773226806211
PLOT-016639,4.493779129489588
PLOT-015919,2.8930240212445293
PLOT-015211,2.2029564189386854
PLOT-016603,2.4900645690988537
PLOT-017550,5.564474524779156
PLOT-015537,2.9525044110550103
PLOT-016220,3.009030517129045
PLOT-015175,0.950808352278544
