plot_id,predicted_yield_tons_per_ha
PLOT-017296,2.762496745973244
PLOT-017259,2.762496745973244
PLOT-016178,2.762496745973244
PLOT-018610,2.762496745973244
PLOT-015109,2.762496745973244
PLOT-016351,2.762496745973244
PLOT-017917,2.762496745973244
PLOT-016422,2.762496745973244
PLOT-018085,2.762496745973244
PLOT-015051,2.762496745973244
PLOT-018124,2.762496745973244
PLOT-016442,2.762496745973244
PLOT-016032,2.762496745973244
PLOT-016414,2.762496745973244
PLOT-018385,2.762496745973244
PLOT-015539,2.762496745973244
PLOT-018115,2.762496745973244
PLOT-017927,2.762496745973244
PLOT-015687,2.762496745973244
PLOT-015584,2.762496745973244
PLOT-015219,2.762496745973244
PLOT-016803,2.762496745973244
PLOT-015474,2.762496745973244
PLOT-017984,2.762496745973244
PLOT-017147,2.762496745973244
PLOT-017440,2.762496745973244
PLOT-018208,2.762496745973244
PLOT-016703,2.762496745973244
PLOT-015643,2.762496745973244
PLOT-016058,2.762496745973244
PLOT-015075,2.762496745973244
PLOT-016661,2.762496745973244
PLOT-018508,2.762496745973244
PLOT-017437,2.762496745973244
PLOT-017258,2.762496745973244
PLOT-017063,2.762496745973244
PLOT-017838,2.762496745973244
PLOT-017079,2.762496745973244
PLOT-015569,2.762496745973244
PLOT-016146,2.762496745973244
PLOT-016884,2.762496745973244
PLOT-016578,2.762496745973244
PLOT-017559,2.762496745973244
PLOT-017720,2.762496745973244
PLOT-015369,2.762496745973244
PLOT-017876,2.762496745973244
PLOT-017847,2.762496745973244
PLOT-017730,2.762496745973244
PLOT-015531,2.762496745973244
PLOT-015062,2.762496745973244
PLOT-015438,2.762496745973244
PLOT-018698,2.762496745973244
PLOT-016680,2.762496745973244
PLOT-017845,2.762496745973244
PLOT-015412,2.762496745973244
PLOT-018488,2.762496745973244
PLOT-015774,2.762496745973244
PLOT-017199,2.762496745973244
PLOT-018697,2.762496745973244
PLOT-016729,2.762496745973244
PLOT-017556,2.762496745973244
PLOT-018475,2.762496745973244
PLOT-016568,2.762496745973244
PLOT-017444,2.762496745973244
PLOT-015186,2.762496745973244
PLOT-015262,2.762496745973244
PLOT-017650,2.762496745973244
PLOT-016963,2.762496745973244
PLOT-017561,2.762496745973244
PLOT-015259,2.762496745973244
PLOT-016841,2.762496745973244
PLOT-015400,2.762496745973244
PLOT-017374,2.762496745973244
PLOT-015098,2.762496745973244
PLOT-015360,2.762496745973244
PLOT-015196,2.762496745973244
PLOT-018417,2.762496745973244
PLOT-015807,2.762496745973244
PLOT-015684,2.762496745973244
PLOT-017498,2.762496745973244
PLOT-017369,2.762496745973244
PLOT-017803,2.762496745973244
PLOT-015637,2.762496745973244
PLOT-017933,2.762496745973244
PLOT-016271,2.762496745973244
PLOT-016297,2.762496745973244
PLOT-016902,2.762496745973244
PLOT-016443,2.762496745973244
PLOT-016082,2.762496745973244
PLOT-017071,2.762496745973244
PLOT-017173,2.762496745973244
PLOT-016550,2.762496745973244
PLOT-018477,2.762496745973244
PLOT-016395,2.762496745973244
PLOT-015694,2.762496745973244
PLOT-017865,2.762496745973244
PLOT-016675,2.762496745973244
PLOT-015961,2.762496745973244
PLOT-016334,2.762496745973244
PLOT-015767,2.762496745973244
PLOT-018394,2.762496745973244
PLOT-016209,2.762496745973244
PLOT-018458,2.762496745973244
PLOT-016268,2.762496745973244
PLOT-017460,2.762496745973244
PLOT-017620,2.762496745973244
PLOT-017019,2.762496745973244
PLOT-016195,2.762496745973244
PLOT-018158,2.762496745973244
PLOT-016354,2.762496745973244
PLOT-017348,2.762496745973244
PLOT-017165,2.762496745973244
PLOT-015433,2.762496745973244
PLOT-018119,2.762496745973244
PLOT-016625,2.762496745973244
PLOT-017493,2.762496745973244
PLOT-018521,2.762496745973244
PLOT-018018,2.762496745973244
PLOT-015445,2.762496745973244
PLOT-017119,2.762496745973244
PLOT-016753,2.762496745973244
PLOT-015479,2.762496745973244
PLOT-018129,2.762496745973244
PLOT-018629,2.762496745973244
PLOT-015892,2.762496745973244
PLOT-015511,2.762496745973244
PLOT-018165,2.762496745973244
PLOT-017848,2.762496745973244
PLOT-015571,2.762496745973244
PLOT-017061,2.762496745973244
PLOT-015030,2.762496745973244
PLOT-015359,2.762496745973244
PLOT-016740,2.762496745973244
PLOT-016389,2.762496745973244
PLOT-018489,2.762496745973244
PLOT-017813,2.762496745973244
PLOT-016371,2.762496745973244
PLOT-017553,2.762496745973244
PLOT-016251,2.762496745973244
PLOT-015848,2.762496745973244
PLOT-018369,2.762496745973244
PLOT-016905,2.762496745973244
PLOT-015985,2.762496745973244
PLOT-018339,2.762496745973244
PLOT-016667,2.762496745973244
PLOT-017321,2.762496745973244
PLOT-015440,2.762496745973244
PLOT-015095,2.762496745973244
PLOT-015414,2.762496745973244
PLOT-017447,2.762496745973244
PLOT-015087,2.762496745973244
PLOT-015616,2.762496745973244
PLOT-018527,2.762496745973244
PLOT-015638,2.762496745973244
PLOT-018196,2.762496745973244
PLOT-017701,2.762496745973244
PLOT-015651,2.762496745973244
PLOT-016284,2.762496745973244
PLOT-017277,2.762496745973244
PLOT-018362,2.762496745973244
PLOT-017940,2.762496745973244
PLOT-018036,2.762496745973244
PLOT-017892,2.762496745973244
PLOT-015358,2.762496745973244
PLOT-018341,2.762496745973244
PLOT-015115,2.762496745973244
PLOT-016758,2.762496745973244
PLOT-017074,2.762496745973244
PLOT-018714,2.762496745973244
PLOT-015883,2.762496745973244
PLOT-017053,2.762496745973244
PLOT-015124,2.762496745973244
PLOT-017727,2.762496745973244
PLOT-015858,2.762496745973244
PLOT-017534,2.762496745973244
PLOT-016114,2.762496745973244
PLOT-018558,2.762496745973244
PLOT-015070,2.762496745973244
PLOT-017776,2.762496745973244
PLOT-015415,2.762496745973244
PLOT-016054,2.762496745973244
PLOT-015737,2.762496745973244
PLOT-016136,2.762496745973244
PLOT-017466,2.762496745973244
PLOT-016263,2.762496745973244
PLOT-016684,2.762496745973244
PLOT-016002,2.762496745973244
PLOT-015732,2.762496745973244
PLOT-017092,2.762496745973244
PLOT-015561,2.762496745973244
PLOT-016611,2.762496745973244
PLOT-018737,2.762496745973244
PLOT-016298,2.762496745973244
PLOT-016218,2.762496745973244
PLOT-017167,2.762496745973244
PLOT-018161,2.762496745973244
PLOT-018476,2.762496745973244
PLOT-017875,2.762496745973244
PLOT-015868,2.762496745973244
PLOT-017646,2.762496745973244
PLOT-017200,2.762496745973244
PLOT-015194,2.762496745973244
PLOT-017095,2.762496745973244
PLOT-016283,2.762496745973244
PLOT-016303,2.762496745973244
PLOT-018517,2.762496745973244
PLOT-015964,2.762496745973244
PLOT-017386,2.762496745973244
PLOT-016363,2.762496745973244
PLOT-015181,2.762496745973244
PLOT-018094,2.762496745973244
PLOT-017138,2.762496745973244
PLOT-015200,2.762496745973244
PLOT-017829,2.762496745973244
PLOT-016961,2.762496745973244
PLOT-017908,2.762496745973244
PLOT-016787,2.762496745973244
PLOT-018491,2.762496745973244
PLOT-016010,2.762496745973244
PLOT-016937,2.762496745973244
PLOT-016140,2.762496745973244
PLOT-018552,2.762496745973244
PLOT-015267,2.762496745973244
PLOT-015375,2.762496745973244
PLOT-017888,2.762496745973244
PLOT-015735,2.762496745973244
PLOT-015699,2.762496745973244
PLOT-016226,2.762496745973244
PLOT-017731,2.762496745973244
PLOT-015370,2.762496745973244
PLOT-015512,2.762496745973244
PLOT-015729,2.762496745973244
PLOT-018046,2.762496745973244
PLOT-016197,2.762496745973244
PLOT-016799,2.762496745973244
PLOT-016782,2.762496745973244
PLOT-018480,2.762496745973244
PLOT-015325,2.762496745973244
PLOT-018661,2.762496745973244
PLOT-018704,2.762496745973244
PLOT-016825,2.762496745973244
PLOT-016125,2.762496745973244
PLOT-016365,2.762496745973244
PLOT-016892,2.762496745973244
PLOT-018449,2.762496745973244
PLOT-017066,2.762496745973244
PLOT-015768,2.762496745973244
PLOT-015416,2.762496745973244
PLOT-017780,2.762496745973244
PLOT-018493,2.762496745973244
PLOT-018003,2.762496745973244
PLOT-017549,2.762496745973244
PLOT-018739,2.762496745973244
PLOT-017926,2.762496745973244
PLOT-017827,2.762496745973244
PLOT-018066,2.762496745973244
PLOT-017546,2.762496745973244
PLOT-016759,2.762496745973244
PLOT-016413,2.762496745973244
PLOT-016748,2.762496745973244
PLOT-015377,2.762496745973244
PLOT-016015,2.762496745973244
PLOT-015546,2.762496745973244
PLOT-015691,2.762496745973244
PLOT-015949,2.762496745973244
PLOT-018025,2.762496745973244
PLOT-017024,2.762496745973244
PLOT-016559,2.762496745973244
PLOT-017764,2.762496745973244
PLOT-015890,2.762496745973244
PLOT-015060,2.762496745973244
PLOT-016724,2.762496745973244
PLOT-015632,2.762496745973244
PLOT-018226,2.762496745973244
PLOT-016599,2.762496745973244
PLOT-017810,2.762496745973244
PLOT-016695,2.762496745973244
PLOT-016436,2.762496745973244
PLOT-018083,2.762496745973244
PLOT-016852,2.762496745973244
PLOT-018076,2.762496745973244
PLOT-017576,2.762496745973244
PLOT-017359,2.762496745973244
PLOT-017696,2.762496745973244
PLOT-016238,2.762496745973244
PLOT-018309,2.762496745973244
PLOT-018047,2.762496745973244
PLOT-015746,2.762496745973244
PLOT-015328,2.762496745973244
PLOT-018648,2.762496745973244
PLOT-018664,2.762496745973244
PLOT-016989,2.762496745973244
PLOT-015034,2.762496745973244
PLOT-018344,2.762496745973244
PLOT-016784,2.762496745973244
PLOT-016686,2.762496745973244
PLOT-016244,2.762496745973244
PLOT-015449,2.762496745973244
PLOT-017923,2.762496745973244
PLOT-017916,2.762496745973244
PLOT-016005,2.762496745973244
PLOT-017699,2.762496745973244
PLOT-015718,2.762496745973244
PLOT-016621,2.762496745973244
PLOT-017443,2.762496745973244
PLOT-016364,2.762496745973244
PLOT-015125,2.762496745973244
PLOT-017639,2.762496745973244
PLOT-017302,2.762496745973244
PLOT-017345,2.762496745973244
PLOT-018486,2.762496745973244
PLOT-016780,2.762496745973244
PLOT-017402,2.762496745973244
PLOT-016050,2.762496745973244
PLOT-015701,2.762496745973244
PLOT-015340,2.762496745973244
PLOT-018720,2.762496745973244
PLOT-015187,2.762496745973244
PLOT-015983,2.762496745973244
PLOT-018244,2.762496745973244
PLOT-018696,2.762496745973244
PLOT-015121,2.762496745973244
PLOT-015603,2.762496745973244
PLOT-015667,2.762496745973244
PLOT-017607,2.762496745973244
PLOT-015244,2.762496745973244
PLOT-015532,2.762496745973244
PLOT-017027,2.762496745973244
PLOT-017983,2.762496745973244
PLOT-016179,2.762496745973244
PLOT-017854,2.762496745973244
PLOT-017752,2.762496745973244
PLOT-018628,2.762496745973244
PLOT-016701,2.762496745973244
PLOT-015801,2.762496745973244
PLOT-015840,2.762496745973244
PLOT-016235,2.762496745973244
PLOT-017163,2.762496745973244
PLOT-016926,2.762496745973244
PLOT-017873,2.762496745973244
PLOT-015444,2.762496745973244
PLOT-018090,2.762496745973244
PLOT-017284,2.762496745973244
PLOT-016313,2.762496745973244
PLOT-015921,2.762496745973244
PLOT-015795,2.762496745973244
PLOT-015897,2.762496745973244
PLOT-015009,2.762496745973244
PLOT-017904,2.762496745973244
PLOT-016267,2.762496745973244
PLOT-017772,2.762496745973244
PLOT-016747,2.762496745973244
PLOT-016416,2.762496745973244
PLOT-018353,2.762496745973244
PLOT-017112,2.762496745973244
PLOT-017036,2.762496745973244
PLOT-018650,2.762496745973244
PLOT-015213,2.762496745973244
PLOT-016104,2.762496745973244
PLOT-016726,2.762496745973244
PLOT-018386,2.762496745973244
PLOT-018174,2.762496745973244
PLOT-018548,2.762496745973244
PLOT-017159,2.762496745973244
PLOT-016397,2.762496745973244
PLOT-015836,2.762496745973244
PLOT-015206,2.762496745973244
PLOT-015658,2.762496745973244
PLOT-018497,2.762496745973244
PLOT-015739,2.762496745973244
PLOT-015500,2.762496745973244
PLOT-017160,2.762496745973244
PLOT-017050,2.762496745973244
PLOT-017103,2.762496745973244
PLOT-017108,2.762496745973244
PLOT-018553,2.762496745973244
PLOT-015666,2.762496745973244
PLOT-017371,2.762496745973244
PLOT-015564,2.762496745973244
PLOT-016262,2.762496745973244
PLOT-016644,2.762496745973244
PLOT-016206,2.762496745973244
PLOT-016021,2.762496745973244
PLOT-015134,2.762496745973244
PLOT-017156,2.762496745973244
PLOT-015305,2.762496745973244
PLOT-015915,2.762496745973244
PLOT-016591,2.762496745973244
PLOT-017312,2.762496745973244
PLOT-017319,2.762496745973244
PLOT-015619,2.762496745973244
PLOT-017333,2.762496745973244
PLOT-015903,2.762496745973244
PLOT-016384,2.762496745973244
PLOT-016921,2.762496745973244
PLOT-017739,2.762496745973244
PLOT-015296,2.762496745973244
PLOT-015935,2.762496745973244
PLOT-017986,2.762496745973244
PLOT-015318,2.762496745973244
PLOT-015420,2.762496745973244
PLOT-017129,2.762496745973244
PLOT-017790,2.762496745973244
PLOT-017656,2.762496745973244
PLOT-016632,2.762496745973244
PLOT-016051,2.762496745973244
PLOT-018225,2.762496745973244
PLOT-017949,2.762496745973244
PLOT-016906,2.762496745973244
PLOT-015562,2.762496745973244
PLOT-017367,2.762496745973244
PLOT-018710,2.762496745973244
PLOT-018731,2.762496745973244
PLOT-016252,2.762496745973244
PLOT-017403,2.762496745973244
PLOT-017863,2.762496745973244
PLOT-018598,2.762496745973244
PLOT-017568,2.762496745973244
PLOT-017221,2.762496745973244
PLOT-016816,2.762496745973244
PLOT-016587,2.762496745973244
PLOT-017318,2.762496745973244
PLOT-016844,2.762496745973244
PLOT-015742,2.762496745973244
PLOT-018591,2.762496745973244
PLOT-015889,2.762496745973244
PLOT-017253,2.762496745973244
PLOT-015748,2.762496745973244
PLOT-018015,2.762496745973244
PLOT-017060,2.762496745973244
PLOT-018286,2.762496745973244
PLOT-015514,2.762496745973244
PLOT-018038,2.762496745973244
PLOT-016090,2.762496745973244
PLOT-015662,2.762496745973244
PLOT-016688,2.762496745973244
PLOT-015361,2.762496745973244
PLOT-017796,2.762496745973244
PLOT-018605,2.762496745973244
PLOT-018501,2.762496745973244
PLOT-015652,2.762496745973244
PLOT-018012,2.762496745973244
PLOT-017293,2.762496745973244
PLOT-017170,2.762496745973244
PLOT-017332,2.762496745973244
PLOT-016390,2.762496745973244
PLOT-018096,2.762496745973244
PLOT-015193,2.762496745973244
PLOT-018245,2.762496745973244
PLOT-018081,2.762496745973244
PLOT-018663,2.762496745973244
PLOT-017419,2.762496745973244
PLOT-018326,2.762496745973244
PLOT-016915,2.762496745973244
PLOT-016788,2.762496745973244
PLOT-017072,2.762496745973244
PLOT-016579,2.762496745973244
PLOT-017705,2.762496745973244
PLOT-016872,2.762496745973244
PLOT-015705,2.762496745973244
PLOT-015131,2.762496745973244
PLOT-015592,2.762496745973244
PLOT-015664,2.762496745973244
PLOT-015565,2.762496745973244
PLOT-017503,2.762496745973244
PLOT-016306,2.762496745973244
PLOT-016077,2.762496745973244
PLOT-015178,2.762496745973244
PLOT-017737,2.762496745973244
PLOT-018393,2.762496745973244
PLOT-016431,2.762496745973244
PLOT-016279,2.762496745973244
PLOT-015854,2.762496745973244
PLOT-015720,2.762496745973244
PLOT-016893,2.762496745973244
PLOT-017746,2.762496745973244
PLOT-018507,2.762496745973244
PLOT-016352,2.762496745973244
PLOT-018687,2.762496745973244
PLOT-017541,2.762496745973244
PLOT-017309,2.762496745973244
PLOT-015517,2.762496745973244
PLOT-018110,2.762496745973244
PLOT-017497,2.762496745973244
PLOT-018634,2.762496745973244
PLOT-015079,2.762496745973244
PLOT-017992,2.762496745973244
PLOT-016225,2.762496745973244
PLOT-015427,2.762496745973244
PLOT-016795,2.762496745973244
PLOT-017765,2.762496745973244
PLOT-018264,2.762496745973244
PLOT-017756,2.762496745973244
PLOT-018570,2.762496745973244
PLOT-016470,2.762496745973244
PLOT-017178,2.762496745973244
PLOT-018492,2.762496745973244
PLOT-015933,2.762496745973244
PLOT-017090,2.762496745973244
PLOT-018323,2.762496745973244
PLOT-015527,2.762496745973244
PLOT-018504,2.762496745973244
PLOT-015513,2.762496745973244
PLOT-016995,2.762496745973244
PLOT-017228,2.762496745973244
PLOT-017700,2.762496745973244
PLOT-015707,2.762496745973244
PLOT-016771,2.762496745973244
PLOT-016332,2.762496745973244
PLOT-015670,2.762496745973244
PLOT-017610,2.762496745973244
PLOT-015991,2.762496745973244
PLOT-016438,2.762496745973244
PLOT-015180,2.762496745973244
PLOT-016277,2.762496745973244
PLOT-016674,2.762496745973244
PLOT-018134,2.762496745973244
PLOT-016933,2.762496745973244
PLOT-017924,2.762496745973244
PLOT-016039,2.762496745973244
PLOT-016084,2.762496745973244
PLOT-016730,2.762496745973244
PLOT-015615,2.762496745973244
PLOT-017841,2.762496745973244
PLOT-018607,2.762496745973244
PLOT-016347,2.762496745973244
PLOT-016275,2.762496745973244
PLOT-015802,2.762496745973244
PLOT-017134,2.762496745973244
PLOT-015448,2.762496745973244
PLOT-016387,2.762496745973244
PLOT-018608,2.762496745973244
PLOT-015430,2.762496745973244
PLOT-018317,2.762496745973244
PLOT-017893,2.762496745973244
PLOT-017014,2.762496745973244
PLOT-015450,2.762496745973244
PLOT-015580,2.762496745973244
PLOT-016609,2.762496745973244
PLOT-017059,2.762496745973244
PLOT-015596,2.762496745973244
PLOT-016714,2.762496745973244
PLOT-015789,2.762496745973244
PLOT-015346,2.762496745973244
PLOT-015502,2.762496745973244
PLOT-018590,2.762496745973244
PLOT-016406,2.762496745973244
PLOT-017176,2.762496745973244
PLOT-016166,2.762496745973244
PLOT-016608,2.762496745973244
PLOT-017301,2.762496745973244
PLOT-016830,2.762496745973244
PLOT-015268,2.762496745973244
PLOT-017013,2.762496745973244
PLOT-017006,2.762496745973244
PLOT-018141,2.762496745973244
PLOT-017421,2.762496745973244
PLOT-017719,2.762496745973244
PLOT-017157,2.762496745973244
PLOT-017075,2.762496745973244
PLOT-018185,2.762496745973244
PLOT-017305,2.762496745973244
PLOT-018525,2.762496745973244
PLOT-018395,2.762496745973244
PLOT-015992,2.762496745973244
PLOT-015977,2.762496745973244
PLOT-017236,2.762496745973244
PLOT-015314,2.762496745973244
PLOT-017721,2.762496745973244
PLOT-017641,2.762496745973244
PLOT-015283,2.762496745973244
PLOT-016134,2.762496745973244
PLOT-017003,2.762496745973244
PLOT-017742,2.762496745973244
PLOT-015032,2.762496745973244
PLOT-015590,2.762496745973244
PLOT-018723,2.762496745973244
PLOT-015240,2.762496745973244
PLOT-017771,2.762496745973244
PLOT-016558,2.762496745973244
PLOT-018071,2.762496745973244
PLOT-017804,2.762496745973244
PLOT-016720,2.762496745973244
PLOT-015339,2.762496745973244
PLOT-015993,2.762496745973244
PLOT-016731,2.762496745973244
PLOT-016785,2.762496745973244
PLOT-017733,2.762496745973244
PLOT-016170,2.762496745973244
PLOT-018373,2.762496745973244
PLOT-016765,2.762496745973244
PLOT-015498,2.762496745973244
PLOT-015280,2.762496745973244
PLOT-015217,2.762496745973244
PLOT-016949,2.762496745973244
PLOT-015672,2.762496745973244
PLOT-016236,2.762496745973244
PLOT-016643,2.762496745973244
PLOT-015668,2.762496745973244
PLOT-016483,2.762496745973244
PLOT-017761,2.762496745973244
PLOT-016412,2.762496745973244
PLOT-018097,2.762496745973244
PLOT-016617,2.762496745973244
PLOT-015356,2.762496745973244
PLOT-015971,2.762496745973244
PLOT-018406,2.762496745973244
PLOT-016749,2.762496745973244
PLOT-017081,2.762496745973244
PLOT-015852,2.762496745973244
PLOT-016208,2.762496745973244
PLOT-017786,2.762496745973244
PLOT-017839,2.762496745973244
PLOT-015751,2.762496745973244
PLOT-018336,2.762496745973244
PLOT-018593,2.762496745973244
PLOT-015362,2.762496745973244
PLOT-016078,2.762496745973244
PLOT-016597,2.762496745973244
PLOT-015012,2.762496745973244
PLOT-015485,2.762496745973244
PLOT-016261,2.762496745973244
PLOT-016745,2.762496745973244
PLOT-017735,2.762496745973244
PLOT-018382,2.762496745973244
PLOT-015786,2.762496745973244
PLOT-015959,2.762496745973244
PLOT-017655,2.762496745973244
PLOT-015740,2.762496745973244
PLOT-015524,2.762496745973244
PLOT-017879,2.762496745973244
PLOT-017634,2.762496745973244
PLOT-018092,2.762496745973244
PLOT-017915,2.762496745973244
PLOT-018621,2.762496745973244
PLOT-017004,2.762496745973244
PLOT-015884,2.762496745973244
PLOT-017530,2.762496745973244
PLOT-015453,2.762496745973244
PLOT-018324,2.762496745973244
PLOT-016657,2.762496745973244
PLOT-018639,2.762496745973244
PLOT-017328,2.762496745973244
PLOT-016425,2.762496745973244
PLOT-015099,2.762496745973244
PLOT-018690,2.762496745973244
PLOT-017698,2.762496745973244
PLOT-015979,2.762496745973244
PLOT-016157,2.762496745973244
PLOT-017015,2.762496745973244
PLOT-016374,2.762496745973244
PLOT-016381,2.762496745973244
PLOT-016040,2.762496745973244
PLOT-017168,2.762496745973244
PLOT-016286,2.762496745973244
PLOT-015760,2.762496745973244
PLOT-016086,2.762496745973244
PLOT-016767,2.762496745973244
PLOT-015210,2.762496745973244
PLOT-016596,2.762496745973244
PLOT-017052,2.762496745973244
PLOT-016240,2.762496745973244
PLOT-017276,2.762496745973244
PLOT-017590,2.762496745973244
PLOT-017768,2.762496745973244
PLOT-017526,2.762496745973244
PLOT-016171,2.762496745973244
PLOT-016459,2.762496745973244
PLOT-016183,2.762496745973244
PLOT-018534,2.762496745973244
PLOT-018132,2.762496745973244
PLOT-015773,2.762496745973244
PLOT-017304,2.762496745973244
PLOT-015631,2.762496745973244
PLOT-016153,2.762496745973244
PLOT-016398,2.762496745973244
PLOT-015387,2.762496745973244
PLOT-016496,2.762496745973244
PLOT-016971,2.762496745973244
PLOT-016116,2.762496745973244
PLOT-015476,2.762496745973244
PLOT-016547,2.762496745973244
PLOT-016463,2.762496745973244
PLOT-017930,2.762496745973244
PLOT-016242,2.762496745973244
PLOT-018215,2.762496745973244
PLOT-017425,2.762496745973244
PLOT-018564,2.762496745973244
PLOT-015833,2.762496745973244
PLOT-017116,2.762496745973244
PLOT-017323,2.762496745973244
PLOT-015523,2.762496745973244
PLOT-015203,2.762496745973244
PLOT-018506,2.762496745973244
PLOT-015736,2.762496745973244
PLOT-018510,2.762496745973244
PLOT-018104,2.762496745973244
PLOT-017736,2.762496745973244
PLOT-018520,2.762496745973244
PLOT-017342,2.762496745973244
PLOT-016690,2.762496745973244
PLOT-015929,2.762496745973244
PLOT-017434,2.762496745973244
PLOT-015372,2.762496745973244
PLOT-017272,2.762496745973244
PLOT-015488,2.762496745973244
PLOT-018235,2.762496745973244
PLOT-016167,2.762496745973244
PLOT-017166,2.762496745973244
PLOT-018586,2.762496745973244
PLOT-015676,2.762496745973244
PLOT-017242,2.762496745973244
PLOT-017668,2.762496745973244
PLOT-016121,2.762496745973244
PLOT-017644,2.762496745973244
PLOT-017835,2.762496745973244
PLOT-017227,2.762496745973244
PLOT-018024,2.762496745973244
PLOT-015700,2.762496745973244
PLOT-017264,2.762496745973244
PLOT-017394,2.762496745973244
PLOT-018455,2.762496745973244
PLOT-016108,2.762496745973244
PLOT-015224,2.762496745973244
PLOT-017557,2.762496745973244
PLOT-017020,2.762496745973244
PLOT-015587,2.762496745973244
PLOT-015172,2.762496745973244
PLOT-017124,2.762496745973244
PLOT-016324,2.762496745973244
PLOT-015110,2.762496745973244
PLOT-015582,2.762496745973244
PLOT-017565,2.762496745973244
PLOT-016420,2.762496745973244
PLOT-017970,2.762496745973244
PLOT-018061,2.762496745973244
PLOT-015255,2.762496745973244
PLOT-018672,2.762496745973244
PLOT-015455,2.762496745973244
PLOT-016493,2.762496745973244
PLOT-018113,2.762496745973244
PLOT-018523,2.762496745973244
PLOT-015800,2.762496745973244
PLOT-018463,2.762496745973244
PLOT-018135,2.762496745973244
PLOT-017335,2.762496745973244
PLOT-017223,2.762496745973244
PLOT-017864,2.762496745973244
PLOT-015118,2.762496745973244
PLOT-016911,2.762496745973244
PLOT-017651,2.762496745973244
PLOT-017281,2.762496745973244
PLOT-016514,2.762496745973244
PLOT-015876,2.762496745973244
PLOT-018403,2.762496745973244
PLOT-017055,2.762496745973244
PLOT-015600,2.762496745973244
PLOT-015008,2.762496745973244
PLOT-016164,2.762496745973244
PLOT-018668,2.762496745973244
PLOT-016809,2.762496745973244
PLOT-016774,2.762496745973244
PLOT-016781,2.762496745973244
PLOT-018422,2.762496745973244
PLOT-017994,2.762496745973244
PLOT-015536,2.762496745973244
PLOT-018511,2.762496745973244
PLOT-017667,2.762496745973244
PLOT-018575,2.762496745973244
PLOT-018678,2.762496745973244
PLOT-015275,2.762496745973244
PLOT-018426,2.762496745973244
PLOT-016434,2.762496745973244
PLOT-016489,2.762496745973244
PLOT-015442,2.762496745973244
PLOT-018383,2.762496745973244
PLOT-017143,2.762496745973244
PLOT-016564,2.762496745973244
PLOT-018128,2.762496745973244
PLOT-015984,2.762496745973244
PLOT-015785,2.762496745973244
PLOT-015928,2.762496745973244
PLOT-016260,2.762496745973244
PLOT-016294,2.762496745973244
PLOT-018259,2.762496745973244
PLOT-018616,2.762496745973244
PLOT-018606,2.762496745973244
PLOT-017216,2.762496745973244
PLOT-016135,2.762496745973244
PLOT-017665,2.762496745973244
PLOT-015871,2.762496745973244
PLOT-017086,2.762496745973244
PLOT-015847,2.762496745973244
PLOT-018227,2.762496745973244
PLOT-015024,2.762496745973244
PLOT-018345,2.762496745973244
PLOT-015057,2.762496745973244
PLOT-017594,2.762496745973244
PLOT-015190,2.762496745973244
PLOT-015898,2.762496745973244
PLOT-017490,2.762496745973244
PLOT-018357,2.762496745973244
PLOT-017513,2.762496745973244
PLOT-015492,2.762496745973244
PLOT-015962,2.762496745973244
PLOT-016257,2.762496745973244
PLOT-018022,2.762496745973244
PLOT-015640,2.762496745973244
PLOT-015002,2.762496745973244
PLOT-016344,2.762496745973244
PLOT-017575,2.762496745973244
PLOT-015141,2.762496745973244
PLOT-016820,2.762496745973244
PLOT-017501,2.762496745973244
PLOT-015612,2.762496745973244
PLOT-017531,2.762496745973244
PLOT-016582,2.762496745973244
PLOT-017965,2.762496745973244
PLOT-017991,2.762496745973244
PLOT-017054,2.762496745973244
PLOT-015227,2.762496745973244
PLOT-018364,2.762496745973244
PLOT-015568,2.762496745973244
PLOT-016732,2.762496745973244
PLOT-015572,2.762496745973244
PLOT-017017,2.762496745973244
PLOT-017741,2.762496745973244
PLOT-017961,2.762496745973244
PLOT-017989,2.762496745973244
PLOT-015289,2.762496745973244
PLOT-016122,2.762496745973244
PLOT-015920,2.762496745973244
PLOT-017109,2.762496745973244
PLOT-016583,2.762496745973244
PLOT-016229,2.762496745973244
PLOT-015939,2.762496745973244
PLOT-017762,2.762496745973244
PLOT-017536,2.762496745973244
PLOT-015426,2.762496745973244
PLOT-018053,2.762496745973244
PLOT-016144,2.762496745973244
PLOT-017211,2.762496745973244
PLOT-015602,2.762496745973244
PLOT-017111,2.762496745973244
PLOT-017779,2.762496745973244
PLOT-018017,2.762496745973244
PLOT-017521,2.762496745973244
PLOT-016308,2.762496745973244
PLOT-018248,2.762496745973244
PLOT-015423,2.762496745973244
PLOT-017728,2.762496745973244
PLOT-016429,2.762496745973244
PLOT-015578,2.762496745973244
PLOT-015278,2.762496745973244
PLOT-016491,2.762496745973244
PLOT-015151,2.762496745973244
PLOT-018130,2.762496745973244
PLOT-015378,2.762496745973244
PLOT-015895,2.762496745973244
PLOT-018666,2.762496745973244
PLOT-018355,2.762496745973244
PLOT-015841,2.762496745973244
PLOT-018209,2.762496745973244
PLOT-017194,2.762496745973244
PLOT-018301,2.762496745973244
PLOT-016614,2.762496745973244
PLOT-017783,2.762496745973244
PLOT-015717,2.762496745973244
PLOT-018032,2.762496745973244
PLOT-015386,2.762496745973244
PLOT-015446,2.762496745973244
PLOT-017106,2.762496745973244
PLOT-018727,2.762496745973244
PLOT-016222,2.762496745973244
PLOT-017595,2.762496745973244
PLOT-018172,2.762496745973244
PLOT-015142,2.762496745973244
PLOT-017254,2.762496745973244
PLOT-016903,2.762496745973244
PLOT-018037,2.762496745973244
PLOT-017457,2.762496745973244
PLOT-015451,2.762496745973244
PLOT-016228,2.762496745973244
PLOT-016256,2.762496745973244
PLOT-018188,2.762496745973244
PLOT-018187,2.762496745973244
PLOT-017395,2.762496745973244
PLOT-017502,2.762496745973244
PLOT-017246,2.762496745973244
PLOT-017679,2.762496745973244
PLOT-017645,2.762496745973244
PLOT-015734,2.762496745973244
PLOT-017931,2.762496745973244
PLOT-015456,2.762496745973244
PLOT-016391,2.762496745973244
PLOT-017703,2.762496745973244
PLOT-017955,2.762496745973244
PLOT-018424,2.762496745973244
PLOT-017704,2.762496745973244
PLOT-017831,2.762496745973244
PLOT-017693,2.762496745973244
PLOT-018179,2.762496745973244
PLOT-017740,2.762496745973244
PLOT-016670,2.762496745973244
PLOT-016876,2.762496745973244
PLOT-016457,2.762496745973244
PLOT-016188,2.762496745973244
PLOT-016523,2.762496745973244
PLOT-015803,2.762496745973244
PLOT-017592,2.762496745973244
PLOT-015036,2.762496745973244
PLOT-018547,2.762496745973244
PLOT-018490,2.762496745973244
PLOT-017201,2.762496745973244
PLOT-018559,2.762496745973244
PLOT-015855,2.762496745973244
PLOT-017407,2.762496745973244
PLOT-017748,2.762496745973244
PLOT-016325,2.762496745973244
PLOT-016910,2.762496745973244
PLOT-016626,2.762496745973244
PLOT-016727,2.762496745973244
PLOT-015100,2.762496745973244
PLOT-018251,2.762496745973244
PLOT-016929,2.762496745973244
PLOT-015341,2.762496745973244
PLOT-018532,2.762496745973244
PLOT-016312,2.762496745973244
PLOT-015540,2.762496745973244
PLOT-018292,2.762496745973244
PLOT-015243,2.762496745973244
PLOT-018342,2.762496745973244
PLOT-015419,2.762496745973244
PLOT-018330,2.762496745973244
PLOT-016888,2.762496745973244
PLOT-016734,2.762496745973244
PLOT-015727,2.762496745973244
PLOT-015037,2.762496745973244
PLOT-017202,2.762496745973244
PLOT-016742,2.762496745973244
PLOT-017898,2.762496745973244
PLOT-015071,2.762496745973244
PLOT-017951,2.762496745973244
PLOT-016203,2.762496745973244
PLOT-015226,2.762496745973244
PLOT-016141,2.762496745973244
PLOT-015669,2.762496745973244
PLOT-017411,2.762496745973244
PLOT-016541,2.762496745973244
PLOT-017846,2.762496745973244
PLOT-018428,2.762496745973244
PLOT-016849,2.762496745973244
PLOT-016102,2.762496745973244
PLOT-018657,2.762496745973244
PLOT-017114,2.762496745973244
PLOT-018335,2.762496745973244
PLOT-015468,2.762496745973244
PLOT-017031,2.762496745973244
PLOT-017787,2.762496745973244
PLOT-016916,2.762496745973244
PLOT-017311,2.762496745973244
PLOT-018389,2.762496745973244
PLOT-015824,2.762496745973244
PLOT-016396,2.762496745973244
PLOT-017975,2.762496745973244
PLOT-017363,2.762496745973244
PLOT-015845,2.762496745973244
PLOT-017777,2.762496745973244
PLOT-017911,2.762496745973244
PLOT-018123,2.762496745973244
PLOT-015078,2.762496745973244
PLOT-018160,2.762496745973244
PLOT-016321,2.762496745973244
PLOT-016083,2.762496745973244
PLOT-016320,2.762496745973244
PLOT-017558,2.762496745973244
PLOT-018363,2.762496745973244
PLOT-016700,2.762496745973244
PLOT-015943,2.762496745973244
PLOT-017712,2.762496745973244
PLOT-018304,2.762496745973244
PLOT-016733,2.762496745973244
PLOT-015241,2.762496745973244
PLOT-018312,2.762496745973244
PLOT-018299,2.762496745973244
PLOT-017856,2.762496745973244
PLOT-018006,2.762496745973244
PLOT-018302,2.762496745973244
PLOT-015526,2.762496745973244
PLOT-015798,2.762496745973244
PLOT-015713,2.762496745973244
PLOT-018139,2.762496745973244
PLOT-018685,2.762496745973244
PLOT-015738,2.762496745973244
PLOT-016946,2.762496745973244
PLOT-017225,2.762496745973244
PLOT-018118,2.762496745973244
PLOT-018434,2.762496745973244
PLOT-016377,2.762496745973244
PLOT-016914,2.762496745973244
PLOT-016778,2.762496745973244
PLOT-018633,2.762496745973244
PLOT-015757,2.762496745973244
PLOT-017711,2.762496745973244
PLOT-015429,2.762496745973244
PLOT-016982,2.762496745973244
PLOT-018432,2.762496745973244
PLOT-018313,2.762496745973244
PLOT-016966,2.762496745973244
PLOT-015981,2.762496745973244
PLOT-015263,2.762496745973244
PLOT-018202,2.762496745973244
PLOT-018701,2.762496745973244
PLOT-015547,2.762496745973244
PLOT-015454,2.762496745973244
PLOT-015338,2.762496745973244
PLOT-015026,2.762496745973244
PLOT-017844,2.762496745973244
PLOT-016062,2.762496745973244
PLOT-015320,2.762496745973244
PLOT-015000,2.762496745973244
PLOT-016506,2.762496745973244
PLOT-018686,2.762496745973244
PLOT-016151,2.762496745973244
PLOT-015407,2.762496745973244
PLOT-016769,2.762496745973244
PLOT-016210,2.762496745973244
PLOT-015750,2.762496745973244
PLOT-017000,2.762496745973244
PLOT-016542,2.762496745973244
PLOT-017794,2.762496745973244
PLOT-016095,2.762496745973244
PLOT-018217,2.762496745973244
PLOT-015577,2.762496745973244
PLOT-016326,2.762496745973244
PLOT-017811,2.762496745973244
PLOT-018143,2.762496745973244
PLOT-017234,2.762496745973244
PLOT-015270,2.762496745973244
PLOT-015170,2.762496745973244
PLOT-017905,2.762496745973244
PLOT-017189,2.762496745973244
PLOT-016783,2.762496745973244
PLOT-015674,2.762496745973244
PLOT-017807,2.762496745973244
PLOT-016868,2.762496745973244
PLOT-018515,2.762496745973244
PLOT-016441,2.762496745973244
PLOT-016723,2.762496745973244
PLOT-016958,2.762496745973244
PLOT-016619,2.762496745973244
PLOT-017366,2.762496745973244
PLOT-017866,2.762496745973244
PLOT-016987,2.762496745973244
PLOT-015253,2.762496745973244
PLOT-016276,2.762496745973244
PLOT-017910,2.762496745973244
PLOT-017289,2.762496745973244
PLOT-015295,2.762496745973244
PLOT-015053,2.762496745973244
PLOT-016096,2.762496745973244
PLOT-015191,2.762496745973244
PLOT-015301,2.762496745973244
PLOT-015365,2.762496745973244
PLOT-017499,2.762496745973244
PLOT-016977,2.762496745973244
PLOT-018703,2.762496745973244
PLOT-015744,2.762496745973244
PLOT-016191,2.762496745973244
PLOT-017039,2.762496745973244
PLOT-017670,2.762496745973244
PLOT-016923,2.762496745973244
PLOT-016355,2.762496745973244
PLOT-016113,2.762496745973244
PLOT-017511,2.762496745973244
PLOT-015374,2.762496745973244
PLOT-016821,2.762496745973244
PLOT-015291,2.762496745973244
PLOT-018358,2.762496745973244
PLOT-015389,2.762496745973244
PLOT-018375,2.762496745973244
PLOT-018133,2.762496745973244
PLOT-016180,2.762496745973244
PLOT-016598,2.762496745973244
PLOT-018514,2.762496745973244
PLOT-017084,2.762496745973244
PLOT-015214,2.762496745973244
PLOT-016016,2.762496745973244
PLOT-016864,2.762496745973244
PLOT-015410,2.762496745973244
PLOT-016545,2.762496745973244
PLOT-017619,2.762496745973244
PLOT-015832,2.762496745973244
PLOT-015179,2.762496745973244
PLOT-015690,2.762496745973244
PLOT-018122,2.762496745973244
PLOT-015470,2.762496745973244
PLOT-015704,2.762496745973244
PLOT-017346,2.762496745973244
PLOT-018653,2.762496745973244
PLOT-017887,2.762496745973244
PLOT-017593,2.762496745973244
PLOT-016075,2.762496745973244
PLOT-018680,2.762496745973244
PLOT-016627,2.762496745973244
PLOT-018399,2.762496745973244
PLOT-018295,2.762496745973244
PLOT-015063,2.762496745973244
PLOT-015769,2.762496745973244
PLOT-016428,2.762496745973244
PLOT-015324,2.762496745973244
PLOT-015819,2.762496745973244
PLOT-015780,2.762496745973244
PLOT-016699,2.762496745973244
PLOT-016123,2.762496745973244
PLOT-018152,2.762496745973244
PLOT-015752,2.762496745973244
PLOT-016067,2.762496745973244
PLOT-018614,2.762496745973244
PLOT-016041,2.762496745973244
PLOT-018109,2.762496745973244
PLOT-017417,2.762496745973244
PLOT-015716,2.762496745973244
PLOT-017717,2.762496745973244
PLOT-017582,2.762496745973244
PLOT-015550,2.762496745973244
PLOT-018008,2.762496745973244
PLOT-015749,2.762496745973244
PLOT-016487,2.762496745973244
PLOT-017486,2.762496745973244
PLOT-018337,2.762496745973244
PLOT-017426,2.762496745973244
PLOT-018213,2.762496745973244
PLOT-017928,2.762496745973244
PLOT-018400,2.762496745973244
PLOT-018531,2.762496745973244
PLOT-017130,2.762496745973244
PLOT-015842,2.762496745973244
PLOT-016997,2.762496745973244
PLOT-015020,2.762496745973244
PLOT-017418,2.762496745973244
PLOT-015879,2.762496745973244
PLOT-017329,2.762496745973244
PLOT-018050,2.762496745973244
PLOT-015863,2.762496745973244
PLOT-017190,2.762496745973244
PLOT-016376,2.762496745973244
PLOT-016936,2.762496745973244
PLOT-015354,2.762496745973244
PLOT-015951,2.762496745973244
PLOT-018496,2.762496745973244
PLOT-016930,2.762496745973244
PLOT-016430,2.762496745973244
PLOT-018121,2.762496745973244
PLOT-017543,2.762496745973244
PLOT-017978,2.762496745973244
PLOT-016305,2.762496745973244
PLOT-016073,2.762496745973244
PLOT-016159,2.762496745973244
PLOT-015058,2.762496745973244
PLOT-017450,2.762496745973244
PLOT-017033,2.762496745973244
PLOT-016696,2.762496745973244
PLOT-016379,2.762496745973244
PLOT-016536,2.762496745973244
PLOT-016593,2.762496745973244
PLOT-018407,2.762496745973244
PLOT-016539,2.762496745973244
PLOT-017566,2.762496745973244
PLOT-016423,2.762496745973244
PLOT-017899,2.762496745973244
PLOT-016718,2.762496745973244
PLOT-018418,2.762496745973244
PLOT-017527,2.762496745973244
PLOT-016068,2.762496745973244
PLOT-015147,2.762496745973244
PLOT-016715,2.762496745973244
PLOT-018198,2.762496745973244
PLOT-016589,2.762496745973244
PLOT-017747,2.762496745973244
PLOT-016531,2.762496745973244
PLOT-017799,2.762496745973244
PLOT-015452,2.762496745973244
PLOT-016561,2.762496745973244
PLOT-016955,2.762496745973244
PLOT-018544,2.762496745973244
PLOT-015192,2.762496745973244
PLOT-016038,2.762496745973244
PLOT-016537,2.762496745973244
PLOT-016293,2.762496745973244
PLOT-018398,2.762496745973244
PLOT-018378,2.762496745973244
PLOT-017606,2.762496745973244
PLOT-015626,2.762496745973244
PLOT-016697,2.762496745973244
PLOT-017338,2.762496745973244
PLOT-018067,2.762496745973244
PLOT-017294,2.762496745973244
PLOT-015974,2.762496745973244
PLOT-016763,2.762496745973244
PLOT-018460,2.762496745973244
PLOT-015150,2.762496745973244
PLOT-017948,2.762496745973244
PLOT-016524,2.762496745973244
PLOT-018623,2.762496745973244
PLOT-018719,2.762496745973244
PLOT-016939,2.762496745973244
PLOT-018360,2.762496745973244
PLOT-015484,2.762496745973244
PLOT-017520,2.762496745973244
PLOT-018042,2.762496745973244
PLOT-016302,2.762496745973244
PLOT-015649,2.762496745973244
PLOT-016495,2.762496745973244
PLOT-018724,2.762496745973244
PLOT-016527,2.762496745973244
PLOT-018568,2.762496745973244
PLOT-017347,2.762496745973244
PLOT-018331,2.762496745973244
PLOT-018482,2.762496745973244
PLOT-017082,2.762496745973244
PLOT-016216,2.762496745973244
PLOT-018468,2.762496745973244
PLOT-015945,2.762496745973244
PLOT-018396,2.762496745973244
PLOT-015072,2.762496745973244
PLOT-016610,2.762496745973244
PLOT-017614,2.762496745973244
PLOT-017098,2.762496745973244
PLOT-018503,2.762496745973244
PLOT-015762,2.762496745973244
PLOT-015089,2.762496745973244
PLOT-017621,2.762496745973244
PLOT-016375,2.762496745973244
PLOT-015017,2.762496745973244
PLOT-018494,2.762496745973244
PLOT-015804,2.762496745973244
PLOT-016526,2.762496745973244
PLOT-018537,2.762496745973244
PLOT-017662,2.762496745973244
PLOT-016127,2.762496745973244
PLOT-017248,2.762496745973244
PLOT-015838,2.762496745973244
PLOT-016057,2.762496745973244
PLOT-015864,2.762496745973244
PLOT-018182,2.762496745973244
PLOT-018404,2.762496745973244
PLOT-015298,2.762496745973244
PLOT-018059,2.762496745973244
PLOT-016801,2.762496745973244
PLOT-016871,2.762496745973244
PLOT-016061,2.762496745973244
PLOT-016029,2.762496745973244
PLOT-017769,2.762496745973244
PLOT-017182,2.762496745973244
PLOT-015398,2.762496745973244
PLOT-017643,2.762496745973244
PLOT-016337,2.762496745973244
PLOT-016802,2.762496745973244
PLOT-017918,2.762496745973244
PLOT-017142,2.762496745973244
PLOT-016845,2.762496745973244
PLOT-015395,2.762496745973244
PLOT-015094,2.762496745973244
PLOT-016291,2.762496745973244
PLOT-018411,2.762496745973244
PLOT-016353,2.762496745973244
PLOT-016469,2.762496745973244
PLOT-018585,2.762496745973244
PLOT-018311,2.762496745973244
PLOT-016444,2.762496745973244
PLOT-016543,2.762496745973244
PLOT-018658,2.762496745973244
PLOT-016942,2.762496745973244
PLOT-018518,2.762496745973244
PLOT-015661,2.762496745973244
PLOT-018117,2.762496745973244
PLOT-016682,2.762496745973244
PLOT-016635,2.762496745973244
PLOT-018065,2.762496745973244
PLOT-015317,2.762496745973244
PLOT-018334,2.762496745973244
PLOT-017233,2.762496745973244
PLOT-015947,2.762496745973244
PLOT-018376,2.762496745973244
PLOT-015770,2.762496745973244
PLOT-016380,2.762496745973244
PLOT-016962,2.762496745973244
PLOT-017470,2.762496745973244
PLOT-015544,2.762496745973244
PLOT-016382,2.762496745973244
PLOT-018216,2.762496745973244
PLOT-018102,2.762496745973244
PLOT-016831,2.762496745973244
PLOT-015635,2.762496745973244
PLOT-016181,2.762496745973244
PLOT-017041,2.762496745973244
PLOT-017685,2.762496745973244
PLOT-015108,2.762496745973244
PLOT-017439,2.762496745973244
PLOT-017754,2.762496745973244
PLOT-017410,2.762496745973244
PLOT-017548,2.762496745973244
PLOT-017161,2.762496745973244
PLOT-016940,2.762496745973244
PLOT-018256,2.762496745973244
PLOT-015139,2.762496745973244
PLOT-015712,2.762496745973244
PLOT-017144,2.762496745973244
PLOT-015287,2.762496745973244
PLOT-017077,2.762496745973244
PLOT-015823,2.762496745973244
PLOT-017035,2.762496745973244
PLOT-017914,2.762496745973244
PLOT-017449,2.762496745973244
PLOT-016869,2.762496745973244
PLOT-016513,2.762496745973244
PLOT-018023,2.762496745973244
PLOT-018300,2.762496745973244
PLOT-016224,2.762496745973244
PLOT-018176,2.762496745973244
PLOT-018509,2.762496745973244
PLOT-017099,2.762496745973244
PLOT-015525,2.762496745973244
PLOT-015473,2.762496745973244
PLOT-015506,2.762496745973244
PLOT-017011,2.762496745973244
PLOT-016223,2.762496745973244
PLOT-015396,2.762496745973244
PLOT-015515,2.762496745973244
PLOT-016343,2.762496745973244
PLOT-015891,2.762496745973244
PLOT-018412,2.762496745973244
PLOT-016264,2.762496745973244
PLOT-017164,2.762496745973244
PLOT-015877,2.762496745973244
PLOT-017118,2.762496745973244
PLOT-015013,2.762496745973244
PLOT-018693,2.762496745973244
PLOT-017065,2.762496745973244
PLOT-017825,2.762496745973244
PLOT-017812,2.762496745973244
PLOT-015376,2.762496745973244
PLOT-017361,2.762496745973244
PLOT-016900,2.762496745973244
PLOT-015857,2.762496745973244
PLOT-015503,2.762496745973244
PLOT-016081,2.762496745973244
PLOT-015046,2.762496745973244
PLOT-017297,2.762496745973244
PLOT-015266,2.762496745973244
PLOT-017626,2.762496745973244
PLOT-018346,2.762496745973244
PLOT-016549,2.762496745973244
PLOT-016022,2.762496745973244
PLOT-015232,2.762496745973244
PLOT-018063,2.762496745973244
PLOT-018243,2.762496745973244
PLOT-018354,2.762496745973244
PLOT-018562,2.762496745973244
PLOT-018681,2.762496745973244
PLOT-016189,2.762496745973244
PLOT-018028,2.762496745973244
PLOT-017188,2.762496745973244
PLOT-016584,2.762496745973244
PLOT-015173,2.762496745973244
PLOT-016165,2.762496745973244
PLOT-015204,2.762496745973244
PLOT-017519,2.762496745973244
PLOT-017263,2.762496745973244
PLOT-016177,2.762496745973244
PLOT-016162,2.762496745973244
PLOT-015630,2.762496745973244
PLOT-015681,2.762496745973244
PLOT-018683,2.762496745973244
PLOT-018016,2.762496745973244
PLOT-018408,2.762496745973244
PLOT-018240,2.762496745973244
PLOT-016511,2.762496745973244
PLOT-015621,2.762496745973244
PLOT-016450,2.762496745973244
PLOT-017455,2.762496745973244
PLOT-016554,2.762496745973244
PLOT-016292,2.762496745973244
PLOT-016106,2.762496745973244
PLOT-016600,2.762496745973244
PLOT-016409,2.762496745973244
PLOT-015132,2.762496745973244
PLOT-016851,2.762496745973244
PLOT-016124,2.762496745973244
PLOT-016036,2.762496745973244
PLOT-015644,2.762496745973244
PLOT-015778,2.762496745973244
PLOT-016447,2.762496745973244
PLOT-018162,2.762496745973244
PLOT-017716,2.762496745973244
PLOT-017552,2.762496745973244
PLOT-017314,2.762496745973244
PLOT-018456,2.762496745973244
PLOT-018366,2.762496745973244
PLOT-017516,2.762496745973244
PLOT-017745,2.762496745973244
PLOT-016586,2.762496745973244
PLOT-015117,2.762496745973244
PLOT-018642,2.762496745973244
PLOT-016192,2.762496745973244
PLOT-017603,2.762496745973244
PLOT-015563,2.762496745973244
PLOT-015722,2.762496745973244
PLOT-016418,2.762496745973244
PLOT-015490,2.762496745973244
PLOT-016070,2.762496745973244
PLOT-017280,2.762496745973244
PLOT-018148,2.762496745973244
PLOT-017185,2.762496745973244
PLOT-017320,2.762496745973244
PLOT-017461,2.762496745973244
PLOT-017222,2.762496745973244
PLOT-016458,2.762496745973244
PLOT-017706,2.762496745973244
PLOT-018415,2.762496745973244
PLOT-017068,2.762496745973244
PLOT-017350,2.762496745973244
PLOT-015609,2.762496745973244
PLOT-016538,2.762496745973244
PLOT-016455,2.762496745973244
PLOT-017436,2.762496745973244
PLOT-017021,2.762496745973244
PLOT-015997,2.762496745973244
PLOT-015576,2.762496745973244
PLOT-016163,2.762496745973244
PLOT-015019,2.762496745973244
PLOT-018325,2.762496745973244
PLOT-017906,2.762496745973244
PLOT-017751,2.762496745973244
PLOT-016274,2.762496745973244
PLOT-015755,2.762496745973244
PLOT-015754,2.762496745973244
PLOT-017451,2.762496745973244
PLOT-016327,2.762496745973244
PLOT-015639,2.762496745973244
PLOT-017749,2.762496745973244
PLOT-015043,2.762496745973244
PLOT-015007,2.762496745973244
PLOT-018070,2.762496745973244
PLOT-017383,2.762496745973244
PLOT-015471,2.762496745973244
PLOT-015421,2.762496745973244
PLOT-017310,2.762496745973244
PLOT-015189,2.762496745973244
PLOT-018619,2.762496745973244
PLOT-018662,2.762496745973244
PLOT-015905,2.762496745973244
PLOT-017729,2.762496745973244
PLOT-018049,2.762496745973244
PLOT-018258,2.762496745973244
PLOT-015464,2.762496745973244
PLOT-017950,2.762496745973244
PLOT-017629,2.762496745973244
PLOT-018281,2.762496745973244
PLOT-017334,2.762496745973244
PLOT-016435,2.762496745973244
PLOT-018689,2.762496745973244
PLOT-016965,2.762496745973244
PLOT-015065,2.762496745973244
PLOT-017043,2.762496745973244
PLOT-017373,2.762496745973244
PLOT-015432,2.762496745973244
PLOT-016432,2.762496745973244
PLOT-015101,2.762496745973244
PLOT-015048,2.762496745973244
PLOT-018103,2.762496745973244
PLOT-018214,2.762496745973244
PLOT-016847,2.762496745973244
PLOT-018171,2.762496745973244
PLOT-017285,2.762496745973244
PLOT-017385,2.762496745973244
PLOT-016777,2.762496745973244
PLOT-017695,2.762496745973244
PLOT-018153,2.762496745973244
PLOT-015828,2.762496745973244
PLOT-017355,2.762496745973244
PLOT-015129,2.762496745973244
PLOT-018054,2.762496745973244
PLOT-017085,2.762496745973244
PLOT-015849,2.762496745973244
PLOT-016953,2.762496745973244
PLOT-015315,2.762496745973244
PLOT-016647,2.762496745973244
PLOT-015237,2.762496745973244
PLOT-018319,2.762496745973244
PLOT-016873,2.762496745973244
PLOT-017974,2.762496745973244
PLOT-018443,2.762496745973244
PLOT-018365,2.762496745973244
PLOT-017505,2.762496745973244
PLOT-015522,2.762496745973244
PLOT-018745,2.762496745973244
PLOT-015054,2.762496745973244
PLOT-017102,2.762496745973244
PLOT-018242,2.762496745973244
PLOT-017265,2.762496745973244
PLOT-016109,2.762496745973244
PLOT-018447,2.762496745973244
PLOT-016193,2.762496745973244
PLOT-016481,2.762496745973244
PLOT-015382,2.762496745973244
PLOT-018343,2.762496745973244
PLOT-017919,2.762496745973244
PLOT-015157,2.762496745973244
PLOT-018502,2.762496745973244
PLOT-017858,2.762496745973244
PLOT-015558,2.762496745973244
PLOT-015835,2.762496745973244
PLOT-018622,2.762496745973244
PLOT-015463,2.762496745973244
PLOT-018368,2.762496745973244
PLOT-018391,2.762496745973244
PLOT-018371,2.762496745973244
PLOT-016991,2.762496745973244
PLOT-017973,2.762496745973244
PLOT-018296,2.762496745973244
PLOT-017471,2.762496745973244
PLOT-017186,2.762496745973244
PLOT-017409,2.762496745973244
PLOT-016874,2.762496745973244
PLOT-016806,2.762496745973244
PLOT-015595,2.762496745973244
PLOT-016085,2.762496745973244
PLOT-018020,2.762496745973244
PLOT-018746,2.762496745973244
PLOT-016815,2.762496745973244
PLOT-016770,2.762496745973244
PLOT-017325,2.762496745973244
PLOT-017782,2.762496745973244
PLOT-015367,2.762496745973244
PLOT-016232,2.762496745973244
PLOT-018220,2.762496745973244
PLOT-016601,2.762496745973244
PLOT-016877,2.762496745973244
PLOT-016671,2.762496745973244
PLOT-015097,2.762496745973244
PLOT-015860,2.762496745973244
PLOT-015364,2.762496745973244
PLOT-017091,2.762496745973244
PLOT-015381,2.762496745973244
PLOT-018647,2.762496745973244
PLOT-018469,2.762496745973244
PLOT-017336,2.762496745973244
PLOT-015028,2.762496745973244
PLOT-016098,2.762496745973244
PLOT-015447,2.762496745973244
PLOT-017820,2.762496745973244
PLOT-015820,2.762496745973244
PLOT-018170,2.762496745973244
PLOT-017406,2.762496745973244
PLOT-017123,2.762496745973244
PLOT-017638,2.762496745973244
PLOT-017678,2.762496745973244
PLOT-017195,2.762496745973244
PLOT-016622,2.762496745973244
PLOT-018173,2.762496745973244
PLOT-015721,2.762496745973244
PLOT-017714,2.762496745973244
PLOT-017539,2.762496745973244
PLOT-018397,2.762496745973244
PLOT-017423,2.762496745973244
PLOT-016691,2.762496745973244
PLOT-016642,2.762496745973244
PLOT-015779,2.762496745973244
PLOT-017196,2.762496745973244
PLOT-016023,2.762496745973244
PLOT-018288,2.762496745973244
PLOT-015004,2.762496745973244
PLOT-015428,2.762496745973244
PLOT-016947,2.762496745973244
PLOT-018660,2.762496745973244
PLOT-016467,2.762496745973244
PLOT-015516,2.762496745973244
PLOT-017573,2.762496745973244
PLOT-018058,2.762496745973244
PLOT-018416,2.762496745973244
PLOT-015350,2.762496745973244
PLOT-016805,2.762496745973244
PLOT-018191,2.762496745973244
PLOT-016683,2.762496745973244
PLOT-015660,2.762496745973244
PLOT-018430,2.762496745973244
PLOT-018005,2.762496745973244
PLOT-017837,2.762496745973244
PLOT-015899,2.762496745973244
PLOT-017525,2.762496745973244
PLOT-017969,2.762496745973244
PLOT-015158,2.762496745973244
PLOT-015383,2.762496745973244
PLOT-016721,2.762496745973244
PLOT-018356,2.762496745973244
PLOT-015140,2.762496745973244
PLOT-015465,2.762496745973244
PLOT-017766,2.762496745973244
PLOT-018587,2.762496745973244
PLOT-015299,2.762496745973244
PLOT-015397,2.762496745973244
PLOT-016615,2.762496745973244
PLOT-015934,2.762496745973244
PLOT-015887,2.762496745973244
PLOT-017283,2.762496745973244
PLOT-018150,2.762496745973244
PLOT-016922,2.762496745973244
PLOT-016033,2.762496745973244
PLOT-016776,2.762496745973244
PLOT-018062,2.762496745973244
PLOT-016634,2.762496745973244
PLOT-016048,2.762496745973244
PLOT-018157,2.762496745973244
PLOT-017537,2.762496745973244
PLOT-016528,2.762496745973244
PLOT-018120,2.762496745973244
PLOT-015846,2.762496745973244
PLOT-015251,2.762496745973244
PLOT-017037,2.762496745973244
PLOT-018669,2.762496745973244
PLOT-015806,2.762496745973244
PLOT-016552,2.762496745973244
PLOT-017966,2.762496745973244
PLOT-015715,2.762496745973244
PLOT-015336,2.762496745973244
PLOT-016659,2.762496745973244
PLOT-015987,2.762496745973244
PLOT-018505,2.762496745973244
PLOT-017993,2.762496745973244
PLOT-015195,2.762496745973244
PLOT-017732,2.762496745973244
PLOT-017551,2.762496745973244
PLOT-016857,2.762496745973244
PLOT-016044,2.762496745973244
PLOT-015279,2.762496745973244
PLOT-015096,2.762496745973244
PLOT-016521,2.762496745973244
PLOT-015441,2.762496745973244
PLOT-016196,2.762496745973244
PLOT-016812,2.762496745973244
PLOT-016796,2.762496745973244
PLOT-016042,2.762496745973244
PLOT-017922,2.762496745973244
PLOT-018247,2.762496745973244
PLOT-017132,2.762496745973244
PLOT-015330,2.762496745973244
PLOT-015392,2.762496745973244
PLOT-018601,2.762496745973244
PLOT-018315,2.762496745973244
PLOT-016515,2.762496745973244
PLOT-015861,2.762496745973244
PLOT-015745,2.762496745973244
PLOT-018347,2.762496745973244
PLOT-017878,2.762496745973244
PLOT-016111,2.762496745973244
PLOT-015327,2.762496745973244
PLOT-016119,2.762496745973244
PLOT-016088,2.762496745973244
PLOT-016897,2.762496745973244
PLOT-017958,2.762496745973244
PLOT-018625,2.762496745973244
PLOT-018595,2.762496745973244
PLOT-015003,2.762496745973244
PLOT-015594,2.762496745973244
PLOT-018522,2.762496745973244
PLOT-018290,2.762496745973244
PLOT-016490,2.762496745973244
PLOT-018277,2.762496745973244
PLOT-016870,2.762496745973244
PLOT-015549,2.762496745973244
PLOT-015556,2.762496745973244
PLOT-016358,2.762496745973244
PLOT-018163,2.762496745973244
PLOT-015541,2.762496745973244
PLOT-018433,2.762496745973244
PLOT-015252,2.762496745973244
PLOT-015264,2.762496745973244
PLOT-017622,2.762496745973244
PLOT-016471,2.762496745973244
PLOT-016234,2.762496745973244
PLOT-018679,2.762496745973244
PLOT-016401,2.762496745973244
PLOT-016853,2.762496745973244
PLOT-017094,2.762496745973244
PLOT-015918,2.762496745973244
PLOT-018310,2.762496745973244
PLOT-016064,2.762496745973244
PLOT-016533,2.762496745973244
PLOT-017579,2.762496745973244
PLOT-015300,2.762496745973244
PLOT-017743,2.762496745973244
PLOT-017326,2.762496745973244
PLOT-018033,2.762496745973244
PLOT-015553,2.762496745973244
PLOT-016512,2.762496745973244
PLOT-018260,2.762496745973244
PLOT-015467,2.762496745973244
PLOT-015344,2.762496745973244
PLOT-017508,2.762496745973244
PLOT-018654,2.762496745973244
PLOT-018513,2.762496745973244
PLOT-017654,2.762496745973244
PLOT-018031,2.762496745973244
PLOT-016417,2.762496745973244
PLOT-017673,2.762496745973244
PLOT-017028,2.762496745973244
PLOT-016448,2.762496745973244
PLOT-015166,2.762496745973244
PLOT-016706,2.762496745973244
PLOT-016338,2.762496745973244
PLOT-017441,2.762496745973244
PLOT-017307,2.762496745973244
PLOT-018004,2.762496745973244
PLOT-018189,2.762496745973244
PLOT-018221,2.762496745973244
PLOT-015439,2.762496745973244
PLOT-017288,2.762496745973244
PLOT-015021,2.762496745973244
PLOT-018060,2.762496745973244
PLOT-017401,2.762496745973244
PLOT-016079,2.762496745973244
PLOT-016918,2.762496745973244
PLOT-018279,2.762496745973244
PLOT-017215,2.762496745973244
PLOT-017883,2.762496745973244
PLOT-016227,2.762496745973244
PLOT-018193,2.762496745973244
PLOT-016650,2.762496745973244
PLOT-017073,2.762496745973244
PLOT-016213,2.762496745973244
PLOT-016544,2.762496745973244
PLOT-016807,2.762496745973244
PLOT-015313,2.762496745973244
PLOT-015487,2.762496745973244
PLOT-015229,2.762496745973244
PLOT-017570,2.762496745973244
PLOT-017149,2.762496745973244
PLOT-017512,2.762496745973244
PLOT-017415,2.762496745973244
PLOT-017671,2.762496745973244
PLOT-015286,2.762496745973244
PLOT-017416,2.762496745973244
PLOT-016698,2.762496745973244
PLOT-017791,2.762496745973244
PLOT-016653,2.762496745973244
PLOT-016901,2.762496745973244
PLOT-015810,2.762496745973244
PLOT-016693,2.762496745973244
PLOT-017795,2.762496745973244
PLOT-015431,2.762496745973244
PLOT-018618,2.762496745973244
PLOT-017691,2.762496745973244
PLOT-018688,2.762496745973244
PLOT-016368,2.762496745973244
PLOT-015620,2.762496745973244
PLOT-017145,2.762496745973244
PLOT-016520,2.762496745973244
PLOT-017880,2.762496745973244
PLOT-015936,2.762496745973244
PLOT-016205,2.762496745973244
PLOT-016202,2.762496745973244
PLOT-018695,2.762496745973244
PLOT-018377,2.762496745973244
PLOT-018578,2.762496745973244
PLOT-015130,2.762496745973244
PLOT-015521,2.762496745973244
PLOT-015955,2.762496745973244
PLOT-015913,2.762496745973244
PLOT-015859,2.762496745973244
PLOT-016854,2.762496745973244
PLOT-016315,2.762496745973244
PLOT-017154,2.762496745973244
PLOT-018613,2.762496745973244
PLOT-015127,2.762496745973244
PLOT-015284,2.762496745973244
PLOT-018138,2.762496745973244
PLOT-015978,2.762496745973244
PLOT-015623,2.762496745973244
PLOT-018735,2.762496745973244
PLOT-015688,2.762496745973244
PLOT-017370,2.762496745973244
PLOT-016366,2.762496745973244
PLOT-017500,2.762496745973244
PLOT-015995,2.762496745973244
PLOT-018380,2.762496745973244
PLOT-017850,2.762496745973244
PLOT-018112,2.762496745973244
PLOT-017267,2.762496745973244
PLOT-015610,2.762496745973244
PLOT-015458,2.762496745973244
PLOT-017785,2.762496745973244
PLOT-018676,2.762496745973244
PLOT-017158,2.762496745973244
PLOT-015462,2.762496745973244
PLOT-016573,2.762496745973244
PLOT-015792,2.762496745973244
PLOT-015504,2.762496745973244
PLOT-015308,2.762496745973244
PLOT-017193,2.762496745973244
PLOT-015363,2.762496745973244
PLOT-015579,2.762496745973244
PLOT-015105,2.762496745973244
PLOT-016705,2.762496745973244
PLOT-017862,2.762496745973244
PLOT-016132,2.762496745973244
PLOT-015507,2.762496745973244
PLOT-017268,2.762496745973244
PLOT-016011,2.762496745973244
PLOT-018604,2.762496745973244
PLOT-015946,2.762496745973244
PLOT-018284,2.762496745973244
PLOT-017040,2.762496745973244
PLOT-018444,2.762496745973244
PLOT-017206,2.762496745973244
PLOT-016336,2.762496745973244
PLOT-018381,2.762496745973244
PLOT-017522,2.762496745973244
PLOT-017613,2.762496745973244
PLOT-018439,2.762496745973244
PLOT-015188,2.762496745973244
PLOT-016793,2.762496745973244
PLOT-017261,2.762496745973244
PLOT-017657,2.762496745973244
PLOT-017609,2.762496745973244
PLOT-017589,2.762496745973244
PLOT-018624,2.762496745973244
PLOT-018576,2.762496745973244
PLOT-017635,2.762496745973244
PLOT-018175,2.762496745973244
PLOT-017886,2.762496745973244
PLOT-016959,2.762496745973244
PLOT-015976,2.762496745973244
PLOT-016707,2.762496745973244
PLOT-017290,2.762496745973244
PLOT-017255,2.762496745973244
PLOT-016818,2.762496745973244
PLOT-015862,2.762496745973244
PLOT-016173,2.762496745973244
PLOT-016651,2.762496745973244
PLOT-016340,2.762496745973244
PLOT-018546,2.762496745973244
PLOT-015281,2.762496745973244
PLOT-016509,2.762496745973244
PLOT-016832,2.762496745973244
PLOT-017571,2.762496745973244
PLOT-016115,2.762496745973244
PLOT-015353,2.762496745973244
PLOT-016034,2.762496745973244
PLOT-015731,2.762496745973244
PLOT-016445,2.762496745973244
PLOT-015702,2.762496745973244
PLOT-018635,2.762496745973244
PLOT-018691,2.762496745973244
PLOT-018194,2.762496745973244
PLOT-015160,2.762496745973244
PLOT-018154,2.762496745973244
PLOT-016881,2.762496745973244
PLOT-018206,2.762496745973244
PLOT-018742,2.762496745973244
PLOT-016678,2.762496745973244
PLOT-016137,2.762496745973244
PLOT-016385,2.762496745973244
PLOT-016198,2.762496745973244
PLOT-017237,2.762496745973244
PLOT-015501,2.762496745973244
PLOT-017076,2.762496745973244
PLOT-017376,2.762496745973244
PLOT-015162,2.762496745973244
PLOT-018700,2.762496745973244
PLOT-017152,2.762496745973244
PLOT-017358,2.762496745973244
PLOT-015185,2.762496745973244
PLOT-015459,2.762496745973244
PLOT-017057,2.762496745973244
PLOT-017387,2.762496745973244
PLOT-016007,2.762496745973244
PLOT-016008,2.762496745973244
PLOT-017588,2.762496745973244
PLOT-018237,2.762496745973244
PLOT-018374,2.762496745973244
PLOT-017388,2.762496745973244
PLOT-016890,2.762496745973244
PLOT-017270,2.762496745973244
PLOT-016287,2.762496745973244
PLOT-015368,2.762496745973244
PLOT-016168,2.762496745973244
PLOT-016402,2.762496745973244
PLOT-016925,2.762496745973244
PLOT-016318,2.762496745973244
PLOT-015493,2.762496745973244
PLOT-015231,2.762496745973244
PLOT-017623,2.762496745973244
PLOT-015333,2.762496745973244
PLOT-016475,2.762496745973244
PLOT-017882,2.762496745973244
PLOT-015788,2.762496745973244
PLOT-016138,2.762496745973244
PLOT-018082,2.762496745973244
PLOT-018131,2.762496745973244
PLOT-017694,2.762496745973244
PLOT-017868,2.762496745973244
PLOT-015380,2.762496745973244
PLOT-017554,2.762496745973244
PLOT-017713,2.762496745973244
PLOT-015067,2.762496745973244
PLOT-016979,2.762496745973244
PLOT-017271,2.762496745973244
PLOT-016882,2.762496745973244
PLOT-015477,2.762496745973244
PLOT-018069,2.762496745973244
PLOT-017976,2.762496745973244
PLOT-018048,2.762496745973244
PLOT-016172,2.762496745973244
PLOT-018086,2.762496745973244
PLOT-017599,2.762496745973244
PLOT-016281,2.762496745973244
PLOT-015425,2.762496745973244
PLOT-016602,2.762496745973244
PLOT-017224,2.762496745973244
PLOT-015207,2.762496745973244
PLOT-016333,2.762496745973244
PLOT-015199,2.762496745973244
PLOT-018659,2.762496745973244
PLOT-018556,2.762496745973244
PLOT-016938,2.762496745973244
PLOT-015881,2.762496745973244
PLOT-015143,2.762496745973244
PLOT-016772,2.762496745973244
PLOT-016580,2.762496745973244
PLOT-018580,2.762496745973244
PLOT-015249,2.762496745973244
PLOT-018294,2.762496745973244
PLOT-017392,2.762496745973244
PLOT-016454,2.762496745973244
PLOT-017424,2.762496745973244
PLOT-017633,2.762496745973244
PLOT-015417,2.762496745973244
PLOT-018569,2.762496745973244
PLOT-017722,2.762496745973244
PLOT-017669,2.762496745973244
PLOT-017245,2.762496745973244
PLOT-017515,2.762496745973244
PLOT-017357,2.762496745973244
PLOT-017972,2.762496745973244
PLOT-018230,2.762496745973244
PLOT-017979,2.762496745973244
PLOT-016128,2.762496745973244
PLOT-016522,2.762496745973244
PLOT-017495,2.762496745973244
PLOT-017483,2.762496745973244
PLOT-016485,2.762496745973244
PLOT-016990,2.762496745973244
PLOT-018043,2.762496745973244
PLOT-015912,2.762496745973244
PLOT-015326,2.762496745973244
PLOT-017171,2.762496745973244
PLOT-015083,2.762496745973244
PLOT-015765,2.762496745973244
PLOT-017422,2.762496745973244
PLOT-017676,2.762496745973244
PLOT-015102,2.762496745973244
PLOT-015146,2.762496745973244
PLOT-016133,2.762496745973244
PLOT-018064,2.762496745973244
PLOT-015394,2.762496745973244
PLOT-018384,2.762496745973244
PLOT-017217,2.762496745973244
PLOT-017805,2.762496745973244
PLOT-018557,2.762496745973244
PLOT-016221,2.762496745973244
PLOT-017317,2.762496745973244
PLOT-017869,2.762496745973244
PLOT-018682,2.762496745973244
PLOT-016288,2.762496745973244
PLOT-015321,2.762496745973244
PLOT-015111,2.762496745973244
PLOT-015588,2.762496745973244
PLOT-016957,2.762496745973244
PLOT-018219,2.762496745973244
PLOT-018705,2.762496745973244
PLOT-018074,2.762496745973244
PLOT-017616,2.762496745973244
PLOT-016478,2.762496745973244
PLOT-017397,2.762496745973244
PLOT-015136,2.762496745973244
PLOT-016158,2.762496745973244
PLOT-015653,2.762496745973244
PLOT-017391,2.762496745973244
PLOT-017431,2.762496745973244
PLOT-017935,2.762496745973244
PLOT-018019,2.762496745973244
PLOT-018146,2.762496745973244
PLOT-016047,2.762496745973244
PLOT-017661,2.762496745973244
PLOT-017547,2.762496745973244
PLOT-016530,2.762496745973244
PLOT-015930,2.762496745973244
PLOT-016464,2.762496745973244
PLOT-016875,2.762496745973244
PLOT-015220,2.762496745973244
PLOT-017136,2.762496745973244
PLOT-015927,2.762496745973244
PLOT-017463,2.762496745973244
PLOT-016453,2.762496745973244
PLOT-017540,2.762496745973244
PLOT-017788,2.762496745973244
PLOT-016945,2.762496745973244
PLOT-017684,2.762496745973244
PLOT-015533,2.762496745973244
PLOT-017901,2.762496745973244
PLOT-015606,2.762496745973244
PLOT-015074,2.762496745973244
PLOT-016764,2.762496745973244
PLOT-015648,2.762496745973244
PLOT-017653,2.762496745973244
PLOT-016322,2.762496745973244
PLOT-016576,2.762496745973244
PLOT-017209,2.762496745973244
PLOT-015113,2.762496745973244
PLOT-017963,2.762496745973244
PLOT-015986,2.762496745973244
PLOT-018126,2.762496745973244
PLOT-015747,2.762496745973244
PLOT-016863,2.762496745973244
PLOT-015222,2.762496745973244
PLOT-015518,2.762496745973244
PLOT-016348,2.762496745973244
PLOT-016502,2.762496745973244
PLOT-017666,2.762496745973244
PLOT-016665,2.762496745973244
PLOT-016555,2.762496745973244
PLOT-018528,2.762496745973244
PLOT-017725,2.762496745973244
PLOT-015035,2.762496745973244
PLOT-015830,2.762496745973244
PLOT-017175,2.762496745973244
PLOT-017631,2.762496745973244
PLOT-016761,2.762496745973244
PLOT-015347,2.762496745973244
PLOT-015167,2.762496745973244
PLOT-018253,2.762496745973244
PLOT-015116,2.762496745973244
PLOT-015530,2.762496745973244
PLOT-016394,2.762496745973244
PLOT-016028,2.762496745973244
PLOT-018599,2.762496745973244
PLOT-017445,2.762496745973244
PLOT-018529,2.762496745973244
PLOT-017872,2.762496745973244
PLOT-018550,2.762496745973244
PLOT-017659,2.762496745973244
PLOT-017702,2.762496745973244
PLOT-016779,2.762496745973244
PLOT-016025,2.762496745973244
PLOT-015081,2.762496745973244
PLOT-017162,2.762496745973244
PLOT-017030,2.762496745973244
PLOT-018728,2.762496745973244
PLOT-018180,2.762496745973244
PLOT-016476,2.762496745973244
PLOT-018197,2.762496745973244
PLOT-016477,2.762496745973244
PLOT-017510,2.762496745973244
PLOT-018582,2.762496745973244
PLOT-016886,2.762496745973244
PLOT-018231,2.762496745973244
PLOT-016629,2.762496745973244
PLOT-017464,2.762496745973244
PLOT-015040,2.762496745973244
PLOT-016704,2.762496745973244
PLOT-018308,2.762496745973244
PLOT-017859,2.762496745973244
PLOT-015311,2.762496745973244
PLOT-016631,2.762496745973244
PLOT-017218,2.762496745973244
PLOT-017067,2.762496745973244
PLOT-016426,2.762496745973244
PLOT-017002,2.762496745973244
PLOT-015357,2.762496745973244
PLOT-018473,2.762496745973244
PLOT-018372,2.762496745973244
PLOT-016827,2.762496745973244
PLOT-015128,2.762496745973244
PLOT-016009,2.762496745973244
PLOT-016813,2.762496745973244
PLOT-017244,2.762496745973244
PLOT-015657,2.762496745973244
PLOT-016246,2.762496745973244
PLOT-018472,2.762496745973244
PLOT-015201,2.762496745973244
PLOT-018543,2.762496745973244
PLOT-016421,2.762496745973244
PLOT-018190,2.762496745973244
PLOT-017757,2.762496745973244
PLOT-018545,2.762496745973244
PLOT-017964,2.762496745973244
PLOT-015593,2.762496745973244
PLOT-015970,2.762496745973244
PLOT-015202,2.762496745973244
PLOT-018137,2.762496745973244
PLOT-016974,2.762496745973244
PLOT-017480,2.762496745973244
PLOT-018524,2.762496745973244
PLOT-017382,2.762496745973244
PLOT-017252,2.762496745973244
PLOT-016980,2.762496745973244
PLOT-018427,2.762496745973244
PLOT-017941,2.762496745973244
PLOT-016187,2.762496745973244
PLOT-015351,2.762496745973244
PLOT-016755,2.762496745973244
PLOT-016595,2.762496745973244
PLOT-015042,2.762496745973244
PLOT-018026,2.762496745973244
PLOT-016273,2.762496745973244
PLOT-015574,2.762496745973244
PLOT-016920,2.762496745973244
PLOT-018224,2.762496745973244
PLOT-015856,2.762496745973244
PLOT-017141,2.762496745973244
PLOT-017047,2.762496745973244
PLOT-016808,2.762496745973244
PLOT-018125,2.762496745973244
PLOT-016898,2.762496745973244
PLOT-016846,2.762496745973244
PLOT-015875,2.762496745973244
PLOT-015103,2.762496745973244
PLOT-017506,2.762496745973244
PLOT-015604,2.762496745973244
PLOT-018597,2.762496745973244
PLOT-016233,2.762496745973244
PLOT-017959,2.762496745973244
PLOT-016433,2.762496745973244
PLOT-015384,2.762496745973244
PLOT-015893,2.762496745973244
PLOT-015056,2.762496745973244
PLOT-015711,2.762496745973244
PLOT-018461,2.762496745973244
PLOT-015355,2.762496745973244
PLOT-016842,2.762496745973244
PLOT-016018,2.762496745973244
PLOT-018645,2.762496745973244
PLOT-015307,2.762496745973244
PLOT-015813,2.762496745973244
PLOT-015041,2.762496745973244
PLOT-018421,2.762496745973244
PLOT-016405,2.762496745973244
PLOT-016681,2.762496745973244
PLOT-015882,2.762496745973244
PLOT-017220,2.762496745973244
PLOT-015698,2.762496745973244
PLOT-017364,2.762496745973244
PLOT-018233,2.762496745973244
PLOT-017051,2.762496745973244
PLOT-017378,2.762496745973244
PLOT-015215,2.762496745973244
PLOT-017146,2.762496745973244
PLOT-016370,2.762496745973244
PLOT-016566,2.762496745973244
PLOT-018702,2.762496745973244
PLOT-017360,2.762496745973244
PLOT-016516,2.762496745973244
PLOT-016766,2.762496745973244
PLOT-017452,2.762496745973244
PLOT-016037,2.762496745973244
PLOT-016510,2.762496745973244
PLOT-015411,2.762496745973244
PLOT-017981,2.762496745973244
PLOT-016301,2.762496745973244
PLOT-016296,2.762496745973244
PLOT-018498,2.762496745973244
PLOT-017601,2.762496745973244
PLOT-018566,2.762496745973244
PLOT-015758,2.762496745973244
PLOT-017212,2.762496745973244
PLOT-016317,2.762496745973244
PLOT-015073,2.762496745973244
PLOT-015025,2.762496745973244
PLOT-017208,2.762496745973244
PLOT-016126,2.762496745973244
PLOT-016139,2.762496745973244
PLOT-015505,2.762496745973244
PLOT-016560,2.762496745973244
PLOT-017230,2.762496745973244
PLOT-016120,2.762496745973244
PLOT-018414,2.762496745973244
PLOT-015586,2.762496745973244
PLOT-017909,2.762496745973244
PLOT-015611,2.762496745973244
PLOT-016089,2.762496745973244
PLOT-016535,2.762496745973244
PLOT-016408,2.762496745973244
PLOT-015348,2.762496745973244
PLOT-015885,2.762496745973244
PLOT-018644,2.762496745973244
PLOT-018087,2.762496745973244
PLOT-015782,2.762496745973244
PLOT-018246,2.762496745973244
PLOT-017458,2.762496745973244
PLOT-015629,2.762496745973244
PLOT-015408,2.762496745973244
PLOT-015164,2.762496745973244
PLOT-017957,2.762496745973244
PLOT-016969,2.762496745973244
PLOT-016649,2.762496745973244
PLOT-017380,2.762496745973244
PLOT-016087,2.762496745973244
PLOT-018572,2.762496745973244
PLOT-018101,2.762496745973244
PLOT-017389,2.762496745973244
PLOT-018709,2.762496745973244
PLOT-016754,2.762496745973244
PLOT-015294,2.762496745973244
PLOT-015965,2.762496745973244
PLOT-016822,2.762496745973244
PLOT-018234,2.762496745973244
PLOT-015528,2.762496745973244
PLOT-016968,2.762496745973244
PLOT-015027,2.762496745973244
PLOT-017478,2.762496745973244
PLOT-016673,2.762496745973244
PLOT-015274,2.762496745973244
PLOT-016072,2.762496745973244
PLOT-016074,2.762496745973244
PLOT-017356,2.762496745973244
PLOT-017494,2.762496745973244
PLOT-017405,2.762496745973244
PLOT-017774,2.762496745973244
PLOT-015585,2.762496745973244
PLOT-015837,2.762496745973244
PLOT-015710,2.762496745973244
PLOT-017819,2.762496745973244
PLOT-016250,2.762496745973244
PLOT-016437,2.762496745973244
PLOT-016553,2.762496745973244
PLOT-015816,2.762496745973244
PLOT-018694,2.762496745973244
PLOT-017427,2.762496745973244
PLOT-015957,2.762496745973244
PLOT-015302,2.762496745973244
PLOT-018289,2.762496745973244
PLOT-018636,2.762496745973244
PLOT-016063,2.762496745973244
PLOT-015872,2.762496745973244
PLOT-018271,2.762496745973244
PLOT-017861,2.762496745973244
PLOT-017936,2.762496745973244
PLOT-015923,2.762496745973244
PLOT-015059,2.762496745973244
PLOT-018014,2.762496745973244
PLOT-018420,2.762496745973244
PLOT-016975,2.762496745973244
PLOT-015023,2.762496745973244
PLOT-017474,2.762496745973244
PLOT-015683,2.762496745973244
PLOT-018512,2.762496745973244
PLOT-018483,2.762496745973244
PLOT-017056,2.762496745973244
PLOT-015228,2.762496745973244
PLOT-015489,2.762496745973244
PLOT-018201,2.762496745973244
PLOT-015829,2.762496745973244
PLOT-017784,2.762496745973244
PLOT-015385,2.762496745973244
PLOT-015015,2.762496745973244
PLOT-017399,2.762496745973244
PLOT-018541,2.762496745973244
PLOT-016388,2.762496745973244
PLOT-018041,2.762496745973244
PLOT-016588,2.762496745973244
PLOT-018445,2.762496745973244
PLOT-016751,2.762496745973244
PLOT-016150,2.762496745973244
PLOT-016304,2.762496745973244
PLOT-016231,2.762496745973244
PLOT-016792,2.762496745973244
PLOT-016269,2.762496745973244
PLOT-018474,2.762496745973244
PLOT-015497,2.762496745973244
PLOT-015352,2.762496745973244
PLOT-016838,2.762496745973244
PLOT-015001,2.762496745973244
PLOT-015285,2.762496745973244
PLOT-016646,2.762496745973244
PLOT-015783,2.762496745973244
PLOT-017462,2.762496745973244
PLOT-018321,2.762496745973244
PLOT-015068,2.762496745973244
PLOT-015403,2.762496745973244
PLOT-015797,2.762496745973244
PLOT-018725,2.762496745973244
PLOT-018021,2.762496745973244
PLOT-017023,2.762496745973244
PLOT-015177,2.762496745973244
PLOT-015953,2.762496745973244
PLOT-017139,2.762496745973244
PLOT-016200,2.762496745973244
PLOT-017843,2.762496745973244
PLOT-017300,2.762496745973244
PLOT-016756,2.762496745973244
PLOT-016577,2.762496745973244
PLOT-017241,2.762496745973244
PLOT-017852,2.762496745973244
PLOT-016507,2.762496745973244
PLOT-016497,2.762496745973244
PLOT-017688,2.762496745973244
PLOT-015538,2.762496745973244
PLOT-016330,2.762496745973244
PLOT-018207,2.762496745973244
PLOT-018459,2.762496745973244
PLOT-016488,2.762496745973244
PLOT-017018,2.762496745973244
PLOT-016744,2.762496745973244
PLOT-017920,2.762496745973244
PLOT-017408,2.762496745973244
PLOT-018431,2.762496745973244
PLOT-018563,2.762496745973244
PLOT-018596,2.762496745973244
PLOT-015948,2.762496745973244
PLOT-015510,2.762496745973244
PLOT-016393,2.762496745973244
PLOT-016508,2.762496745973244
PLOT-017398,2.762496745973244
PLOT-017808,2.762496745973244
PLOT-016331,2.762496745973244
PLOT-016309,2.762496745973244
PLOT-018002,2.762496745973244
PLOT-017396,2.762496745973244
PLOT-017420,2.762496745973244
PLOT-017544,2.762496745973244
PLOT-017354,2.762496745973244
PLOT-017608,2.762496745973244
PLOT-015663,2.762496745973244
PLOT-015573,2.762496745973244
PLOT-017896,2.762496745973244
PLOT-017372,2.762496745973244
PLOT-018265,2.762496745973244
PLOT-018151,2.762496745973244
PLOT-017485,2.762496745973244
PLOT-017187,2.762496745973244
PLOT-017584,2.762496745973244
PLOT-017045,2.762496745973244
PLOT-015282,2.762496745973244
PLOT-015258,2.762496745973244
PLOT-016811,2.762496745973244
PLOT-016797,2.762496745973244
PLOT-017604,2.762496745973244
PLOT-015725,2.762496745973244
PLOT-016636,2.762496745973244
PLOT-015677,2.762496745973244
PLOT-017489,2.762496745973244
PLOT-016152,2.762496745973244
PLOT-016346,2.762496745973244
PLOT-015055,2.762496745973244
PLOT-017773,2.762496745973244
PLOT-016411,2.762496745973244
PLOT-017755,2.762496745973244
PLOT-017214,2.762496745973244
PLOT-018583,2.762496745973244
PLOT-016361,2.762496745973244
PLOT-015888,2.762496745973244
PLOT-018001,2.762496745973244
PLOT-016819,2.762496745973244
PLOT-016972,2.762496745973244
PLOT-015714,2.762496745973244
PLOT-018405,2.762496745973244
PLOT-016056,2.762496745973244
PLOT-017286,2.762496745973244
PLOT-017207,2.762496745973244
PLOT-015617,2.762496745973244
PLOT-015123,2.762496745973244
PLOT-018205,2.762496745973244
PLOT-015334,2.762496745973244
PLOT-017816,2.762496745973244
PLOT-015304,2.762496745973244
PLOT-015980,2.762496745973244
PLOT-018329,2.762496745973244
PLOT-015581,2.762496745973244
PLOT-016616,2.762496745973244
PLOT-016194,2.762496745973244
PLOT-016824,2.762496745973244
PLOT-016879,2.762496745973244
PLOT-016981,2.762496745973244
PLOT-016861,2.762496745973244
PLOT-016350,2.762496745973244
PLOT-015409,2.762496745973244
PLOT-015675,2.762496745973244
PLOT-015297,2.762496745973244
PLOT-015925,2.762496745973244
PLOT-015022,2.762496745973244
PLOT-018000,2.762496745973244
PLOT-017479,2.762496745973244
PLOT-015728,2.762496745973244
PLOT-016307,2.762496745973244
PLOT-015671,2.762496745973244
PLOT-016672,2.762496745973244
PLOT-016199,2.762496745973244
PLOT-018717,2.762496745973244
PLOT-018652,2.762496745973244
PLOT-015293,2.762496745973244
PLOT-018730,2.762496745973244
PLOT-015126,2.762496745973244
PLOT-017247,2.762496745973244
PLOT-017578,2.762496745973244
PLOT-017467,2.762496745973244
PLOT-015692,2.762496745973244
PLOT-015686,2.762496745973244
PLOT-015817,2.762496745973244
PLOT-015216,2.762496745973244
PLOT-015152,2.762496745973244
PLOT-017999,2.762496745973244
PLOT-016992,2.762496745973244
PLOT-017605,2.762496745973244
PLOT-017008,2.762496745973244
PLOT-015478,2.762496745973244
PLOT-016282,2.762496745973244
PLOT-016604,2.762496745973244
PLOT-017518,2.762496745973244
PLOT-016666,2.762496745973244
PLOT-017962,2.762496745973244
PLOT-015812,2.762496745973244
PLOT-015250,2.762496745973244
PLOT-015843,2.762496745973244
PLOT-017125,2.762496745973244
PLOT-017857,2.762496745973244
PLOT-018640,2.762496745973244
PLOT-015967,2.762496745973244
PLOT-017885,2.762496745973244
PLOT-015972,2.762496745973244
PLOT-016896,2.762496745973244
PLOT-017235,2.762496745973244
PLOT-015246,2.762496745973244
PLOT-017203,2.762496745973244
PLOT-018641,2.762496745973244
PLOT-018307,2.762496745973244
PLOT-018379,2.762496745973244
PLOT-017331,2.762496745973244
PLOT-018744,2.762496745973244
PLOT-017585,2.762496745973244
PLOT-018272,2.762496745973244
PLOT-016505,2.762496745973244
PLOT-016345,2.762496745973244
PLOT-018091,2.762496745973244
PLOT-015975,2.762496745973244
PLOT-017686,2.762496745973244
PLOT-016645,2.762496745973244
PLOT-016679,2.762496745973244
PLOT-017697,2.762496745973244
PLOT-015122,2.762496745973244
PLOT-016534,2.762496745973244
PLOT-018044,2.762496745973244
PLOT-018169,2.762496745973244
PLOT-017967,2.762496745973244
PLOT-017100,2.762496745973244
PLOT-015869,2.762496745973244
PLOT-018646,2.762496745973244
PLOT-016030,2.762496745973244
PLOT-015756,2.762496745973244
PLOT-016998,2.762496745973244
PLOT-016156,2.762496745973244
PLOT-017115,2.762496745973244
PLOT-017817,2.762496745973244
PLOT-015332,2.762496745973244
PLOT-016592,2.762496745973244
PLOT-017384,2.762496745973244
PLOT-016575,2.762496745973244
PLOT-017683,2.762496745973244
PLOT-015472,2.762496745973244
PLOT-015901,2.762496745973244
PLOT-015865,2.762496745973244
PLOT-016329,2.762496745973244
PLOT-016342,2.762496745973244
PLOT-015741,2.762496745973244
PLOT-018478,2.762496745973244
PLOT-018291,2.762496745973244
PLOT-017180,2.762496745973244
PLOT-018484,2.762496745973244
PLOT-017562,2.762496745973244
PLOT-016628,2.762496745973244
PLOT-017806,2.762496745973244
PLOT-017438,2.762496745973244
PLOT-016149,2.762496745973244
PLOT-018045,2.762496745973244
PLOT-018164,2.762496745973244
PLOT-015256,2.762496745973244
PLOT-015633,2.762496745973244
PLOT-017337,2.762496745973244
PLOT-018009,2.762496745973244
PLOT-015777,2.762496745973244
PLOT-017953,2.762496745973244
PLOT-017101,2.762496745973244
PLOT-015557,2.762496745973244
PLOT-018481,2.762496745973244
PLOT-016985,2.762496745973244
PLOT-017088,2.762496745973244
PLOT-015261,2.762496745973244
PLOT-017131,2.762496745973244
PLOT-018011,2.762496745973244
PLOT-018040,2.762496745973244
PLOT-016889,2.762496745973244
PLOT-017532,2.762496745973244
PLOT-017078,2.762496745973244
PLOT-018034,2.762496745973244
PLOT-018436,2.762496745973244
PLOT-015208,2.762496745973244
PLOT-018349,2.762496745973244
PLOT-016913,2.762496745973244
PLOT-016606,2.762496745973244
PLOT-016020,2.762496745973244
PLOT-018348,2.762496745973244
PLOT-016403,2.762496745973244
PLOT-017555,2.762496745973244
PLOT-017096,2.762496745973244
PLOT-015209,2.762496745973244
PLOT-015153,2.762496745973244
PLOT-017881,2.762496745973244
PLOT-016590,2.762496745973244
PLOT-017442,2.762496745973244
PLOT-016147,2.762496745973244
PLOT-016967,2.762496745973244
PLOT-017316,2.762496745973244
PLOT-017433,2.762496745973244
PLOT-016633,2.762496745973244
PLOT-017089,2.762496745973244
PLOT-015597,2.762496745973244
PLOT-016931,2.762496745973244
PLOT-016656,2.762496745973244
PLOT-015680,2.762496745973244
PLOT-016565,2.762496745973244
PLOT-018275,2.762496745973244
PLOT-016328,2.762496745973244
PLOT-017087,2.762496745973244
PLOT-017753,2.762496745973244
PLOT-016518,2.762496745973244
PLOT-017287,2.762496745973244
PLOT-018713,2.762496745973244
PLOT-015221,2.762496745973244
PLOT-015225,2.762496745973244
PLOT-018577,2.762496745973244
PLOT-018166,2.762496745973244
PLOT-017517,2.762496745973244
PLOT-017642,2.762496745973244
PLOT-017393,2.762496745973244
PLOT-016760,2.762496745973244
PLOT-016360,2.762496745973244
PLOT-017324,2.762496745973244
PLOT-018155,2.762496745973244
PLOT-017802,2.762496745973244
PLOT-016492,2.762496745973244
PLOT-017744,2.762496745973244
PLOT-017763,2.762496745973244
PLOT-017009,2.762496745973244
PLOT-015205,2.762496745973244
PLOT-016027,2.762496745973244
PLOT-018540,2.762496745973244
PLOT-017596,2.762496745973244
PLOT-016046,2.762496745973244
PLOT-015693,2.762496745973244
PLOT-017956,2.762496745973244
PLOT-018549,2.762496745973244
PLOT-016186,2.762496745973244
PLOT-016369,2.762496745973244
PLOT-016907,2.762496745973244
PLOT-017726,2.762496745973244
PLOT-015016,2.762496745973244
PLOT-017514,2.762496745973244
PLOT-017205,2.762496745973244
PLOT-018729,2.762496745973244
PLOT-016676,2.762496745973244
PLOT-016184,2.762496745973244
PLOT-017353,2.762496745973244
PLOT-015656,2.762496745973244
PLOT-016571,2.762496745973244
PLOT-016737,2.762496745973244
PLOT-016419,2.762496745973244
PLOT-015399,2.762496745973244
PLOT-015618,2.762496745973244
PLOT-015508,2.762496745973244
PLOT-018106,2.762496745973244
PLOT-018437,2.762496745973244
PLOT-017960,2.762496745973244
PLOT-015867,2.762496745973244
PLOT-017507,2.762496745973244
PLOT-015886,2.762496745973244
PLOT-017110,2.762496745973244
PLOT-015599,2.762496745973244
PLOT-017658,2.762496745973244
PLOT-015457,2.762496745973244
PLOT-017618,2.762496745973244
PLOT-016117,2.762496745973244
PLOT-015870,2.762496745973244
PLOT-015790,2.762496745973244
PLOT-017260,2.762496745973244
PLOT-015954,2.762496745973244
PLOT-015650,2.762496745973244
PLOT-015733,2.762496745973244
PLOT-018533,2.762496745973244
PLOT-015379,2.762496745973244
PLOT-017612,2.762496745973244
PLOT-018030,2.762496745973244
PLOT-015956,2.762496745973244
PLOT-015171,2.762496745973244
PLOT-016944,2.762496745973244
PLOT-017279,2.762496745973244
PLOT-015659,2.762496745973244
PLOT-017430,2.762496745973244
PLOT-017528,2.762496745973244
PLOT-017120,2.762496745973244
PLOT-016094,2.762496745973244
PLOT-018068,2.762496745973244
PLOT-018707,2.762496745973244
PLOT-017219,2.762496745973244
PLOT-015642,2.762496745973244
PLOT-015168,2.762496745973244
PLOT-016517,2.762496745973244
PLOT-016800,2.762496745973244
PLOT-017682,2.762496745973244
PLOT-016917,2.762496745973244
PLOT-015272,2.762496745973244
PLOT-016215,2.762496745973244
PLOT-017468,2.762496745973244
PLOT-016118,2.762496745973244
PLOT-018098,2.762496745973244
PLOT-018350,2.762496745973244
PLOT-016066,2.762496745973244
PLOT-017104,2.762496745973244
PLOT-017792,2.762496745973244
PLOT-017877,2.762496745973244
PLOT-016912,2.762496745973244
PLOT-015038,2.762496745973244
PLOT-015306,2.762496745973244
PLOT-015006,2.762496745973244
PLOT-017456,2.762496745973244
PLOT-015781,2.762496745973244
PLOT-016190,2.762496745973244
PLOT-015534,2.762496745973244
PLOT-015583,2.762496745973244
PLOT-017980,2.762496745973244
PLOT-018671,2.762496745973244
PLOT-018168,2.762496745973244
PLOT-018440,2.762496745973244
PLOT-017750,2.762496745973244
PLOT-015316,2.762496745973244
PLOT-017197,2.762496745973244
PLOT-017414,2.762496745973244
PLOT-017564,2.762496745973244
PLOT-016794,2.762496745973244
PLOT-017581,2.762496745973244
PLOT-017708,2.762496745973244
PLOT-015271,2.762496745973244
PLOT-015548,2.762496745973244
PLOT-016692,2.762496745973244
PLOT-016719,2.762496745973244
PLOT-018451,2.762496745973244
PLOT-018464,2.762496745973244
PLOT-017390,2.762496745973244
PLOT-015598,2.762496745973244
PLOT-016689,2.762496745973244
PLOT-015894,2.762496745973244
PLOT-018733,2.762496745973244
PLOT-016775,2.762496745973244
PLOT-015570,2.762496745973244
PLOT-016999,2.762496745973244
PLOT-017122,2.762496745973244
PLOT-015061,2.762496745973244
PLOT-016247,2.762496745973244
PLOT-018748,2.762496745973244
PLOT-016259,2.762496745973244
PLOT-015809,2.762496745973244
PLOT-017292,2.762496745973244
PLOT-016049,2.762496745973244
PLOT-018454,2.762496745973244
PLOT-015107,2.762496745973244
PLOT-017153,2.762496745973244
PLOT-015673,2.762496745973244
PLOT-017690,2.762496745973244
PLOT-017995,2.762496745973244
PLOT-015665,2.762496745973244
PLOT-015509,2.762496745973244
PLOT-017179,2.762496745973244
PLOT-016640,2.762496745973244
PLOT-017492,2.762496745973244
PLOT-018303,2.762496745973244
PLOT-016532,2.762496745973244
PLOT-015866,2.762496745973244
PLOT-016855,2.762496745973244
PLOT-016736,2.762496745973244
PLOT-016060,2.762496745973244
PLOT-018536,2.762496745973244
PLOT-017105,2.762496745973244
PLOT-018419,2.762496745973244
PLOT-016973,2.762496745973244
PLOT-015589,2.762496745973244
PLOT-017996,2.762496745973244
PLOT-018263,2.762496745973244
PLOT-015086,2.762496745973244
PLOT-018615,2.762496745973244
PLOT-015771,2.762496745973244
PLOT-017954,2.762496745973244
PLOT-016249,2.762496745973244
PLOT-015708,2.762496745973244
PLOT-017472,2.762496745973244
PLOT-017985,2.762496745973244
PLOT-018316,2.762496745973244
PLOT-017586,2.762496745973244
PLOT-016860,2.762496745973244
PLOT-018181,2.762496745973244
PLOT-017128,2.762496745973244
PLOT-018305,2.762496745973244
PLOT-018177,2.762496745973244
PLOT-015418,2.762496745973244
PLOT-016461,2.762496745973244
PLOT-016484,2.762496745973244
PLOT-018609,2.762496745973244
PLOT-018465,2.762496745973244
PLOT-018600,2.762496745973244
PLOT-015851,2.762496745973244
PLOT-016004,2.762496745973244
PLOT-016996,2.762496745973244
PLOT-016834,2.762496745973244
PLOT-017947,2.762496745973244
PLOT-015436,2.762496745973244
PLOT-016316,2.762496745973244
PLOT-016623,2.762496745973244
PLOT-016480,2.762496745973244
PLOT-016648,2.762496745973244
PLOT-016003,2.762496745973244
PLOT-016278,2.762496745973244
PLOT-016823,2.762496745973244
PLOT-018029,2.762496745973244
PLOT-018602,2.762496745973244
PLOT-016836,2.762496745973244
PLOT-018554,2.762496745973244
PLOT-017352,2.762496745973244
PLOT-017282,2.762496745973244
PLOT-016546,2.762496745973244
PLOT-015335,2.762496745973244
PLOT-017617,2.762496745973244
PLOT-015088,2.762496745973244
PLOT-015874,2.762496745973244
PLOT-018285,2.762496745973244
PLOT-015543,2.762496745973244
PLOT-016241,2.762496745973244
PLOT-017760,2.762496745973244
PLOT-016880,2.762496745973244
PLOT-018611,2.762496745973244
PLOT-018111,2.762496745973244
PLOT-017269,2.762496745973244
PLOT-015319,2.762496745973244
PLOT-015519,2.762496745973244
PLOT-017903,2.762496745973244
PLOT-015878,2.762496745973244
PLOT-018561,2.762496745973244
PLOT-015825,2.762496745973244
PLOT-016290,2.762496745973244
PLOT-018210,2.762496745973244
PLOT-018333,2.762496745973244
PLOT-015138,2.762496745973244
PLOT-015163,2.762496745973244
PLOT-016618,2.762496745973244
PLOT-018539,2.762496745973244
PLOT-016791,2.762496745973244
PLOT-016045,2.762496745973244
PLOT-015960,2.762496745973244
PLOT-016750,2.762496745973244
PLOT-018212,2.762496745973244
PLOT-017830,2.762496745973244
PLOT-016504,2.762496745973244
PLOT-017889,2.762496745973244
PLOT-018692,2.762496745973244
PLOT-016059,2.762496745973244
PLOT-017681,2.762496745973244
PLOT-018409,2.762496745973244
PLOT-015655,2.762496745973244
PLOT-017064,2.762496745973244
PLOT-018603,2.762496745973244
PLOT-015137,2.762496745973244
PLOT-017946,2.762496745973244
PLOT-016976,2.762496745973244
PLOT-016581,2.762496745973244
PLOT-015697,2.762496745973244
PLOT-016097,2.762496745973244
PLOT-017836,2.762496745973244
PLOT-018268,2.762496745973244
PLOT-017453,2.762496745973244
PLOT-017496,2.762496745973244
PLOT-016392,2.762496745973244
PLOT-018655,2.762496745973244
PLOT-016266,2.762496745973244
PLOT-017375,2.762496745973244
PLOT-017365,2.762496745973244
PLOT-015135,2.762496745973244
PLOT-016169,2.762496745973244
PLOT-017574,2.762496745973244
PLOT-017135,2.762496745973244
PLOT-016503,2.762496745973244
PLOT-016362,2.762496745973244
PLOT-017998,2.762496745973244
PLOT-015148,2.762496745973244
PLOT-015303,2.762496745973244
PLOT-016017,2.762496745973244
PLOT-016924,2.762496745973244
PLOT-016052,2.762496745973244
PLOT-018423,2.762496745973244
PLOT-017413,2.762496745973244
PLOT-017637,2.762496745973244
PLOT-018262,2.762496745973244
PLOT-016904,2.762496745973244
PLOT-018254,2.762496745973244
PLOT-015198,2.762496745973244
PLOT-016768,2.762496745973244
PLOT-017240,2.762496745973244
PLOT-015404,2.762496745973244
PLOT-018328,2.762496745973244
PLOT-018743,2.762496745973244
PLOT-015483,2.762496745973244
PLOT-016182,2.762496745973244
PLOT-016339,2.762496745973244
PLOT-016280,2.762496745973244
PLOT-016031,2.762496745973244
PLOT-015791,2.762496745973244
PLOT-015799,2.762496745973244
PLOT-017432,2.762496745973244
PLOT-017798,2.762496745973244
PLOT-016201,2.762496745973244
PLOT-015422,2.762496745973244
PLOT-017362,2.762496745973244
PLOT-018716,2.762496745973244
PLOT-016883,2.762496745973244
PLOT-018684,2.762496745973244
PLOT-016479,2.762496745973244
PLOT-017591,2.762496745973244
PLOT-016928,2.762496745973244
PLOT-017710,2.762496745973244
PLOT-018147,2.762496745973244
PLOT-016529,2.762496745973244
PLOT-015902,2.762496745973244
PLOT-017809,2.762496745973244
PLOT-015685,2.762496745973244
PLOT-016551,2.762496745973244
PLOT-018438,2.762496745973244
PLOT-015159,2.762496745973244
PLOT-015999,2.762496745973244
PLOT-018056,2.762496745973244
PLOT-018535,2.762496745973244
PLOT-017250,2.762496745973244
PLOT-017689,2.762496745973244
PLOT-015112,2.762496745973244
PLOT-018567,2.762496745973244
PLOT-016446,2.762496745973244
PLOT-016952,2.762496745973244
PLOT-015922,2.762496745973244
PLOT-016624,2.762496745973244
PLOT-018228,2.762496745973244
PLOT-017853,2.762496745973244
PLOT-016319,2.762496745973244
PLOT-016663,2.762496745973244
PLOT-015815,2.762496745973244
PLOT-018095,2.762496745973244
PLOT-017266,2.762496745973244
PLOT-016473,2.762496745973244
PLOT-016773,2.762496745973244
PLOT-015679,2.762496745973244
PLOT-018199,2.762496745973244
PLOT-016093,2.762496745973244
PLOT-015080,2.762496745973244
PLOT-016950,2.762496745973244
PLOT-018519,2.762496745973244
PLOT-018075,2.762496745973244
PLOT-018280,2.762496745973244
PLOT-017800,2.762496745973244
PLOT-016239,2.762496745973244
PLOT-015329,2.762496745973244
PLOT-015242,2.762496745973244
PLOT-018073,2.762496745973244
PLOT-015641,2.762496745973244
PLOT-015696,2.762496745973244
PLOT-017257,2.762496745973244
PLOT-017818,2.762496745973244
PLOT-015753,2.762496745973244
PLOT-015435,2.762496745973244
PLOT-016563,2.762496745973244
PLOT-016934,2.762496745973244
PLOT-018457,2.762496745973244
PLOT-016712,2.762496745973244
PLOT-015551,2.762496745973244
PLOT-018127,2.762496745973244
PLOT-018255,2.762496745973244
PLOT-015601,2.762496745973244
PLOT-016964,2.762496745973244
PLOT-016013,2.762496745973244
PLOT-018204,2.762496745973244
PLOT-016427,2.762496745973244
PLOT-017012,2.762496745973244
PLOT-016386,2.762496745973244
PLOT-016295,2.762496745973244
PLOT-015466,2.762496745973244
PLOT-016499,2.762496745973244
PLOT-018218,2.762496745973244
PLOT-018670,2.762496745973244
PLOT-015277,2.762496745973244
PLOT-016069,2.762496745973244
PLOT-016548,2.762496745973244
PLOT-016024,2.762496745973244
PLOT-016465,2.762496745973244
PLOT-017770,2.762496745973244
PLOT-015940,2.762496745973244
PLOT-017834,2.762496745973244
PLOT-018297,2.762496745973244
PLOT-016466,2.762496745973244
PLOT-016323,2.762496745973244
PLOT-017675,2.762496745973244
PLOT-016399,2.762496745973244
PLOT-018099,2.762496745973244
PLOT-016449,2.762496745973244
PLOT-015906,2.762496745973244
PLOT-018352,2.762496745973244
PLOT-017611,2.762496745973244
PLOT-016895,2.762496745973244
PLOT-015388,2.762496745973244
PLOT-017070,2.762496745973244
PLOT-017943,2.762496745973244
PLOT-017172,2.762496745973244
PLOT-017968,2.762496745973244
PLOT-017821,2.762496745973244
PLOT-015880,2.762496745973244
PLOT-018425,2.762496745973244
PLOT-015050,2.762496745973244
PLOT-016887,2.762496745973244
PLOT-016702,2.762496745973244
PLOT-018359,2.762496745973244
PLOT-015133,2.762496745973244
PLOT-016105,2.762496745973244
PLOT-015703,2.762496745973244
PLOT-015482,2.762496745973244
PLOT-016145,2.762496745973244
PLOT-017038,2.762496745973244
PLOT-018673,2.762496745973244
PLOT-015066,2.762496745973244
PLOT-018479,2.762496745973244
PLOT-017781,2.762496745973244
PLOT-017313,2.762496745973244
PLOT-017849,2.762496745973244
PLOT-018351,2.762496745973244
PLOT-015907,2.762496745973244
PLOT-015031,2.762496745973244
PLOT-017465,2.762496745973244
PLOT-017929,2.762496745973244
PLOT-017680,2.762496745973244
PLOT-018551,2.762496745973244
PLOT-015010,2.762496745973244
PLOT-015064,2.762496745973244
PLOT-015776,2.762496745973244
PLOT-015077,2.762496745973244
PLOT-015491,2.762496745973244
PLOT-018145,2.762496745973244
PLOT-018273,2.762496745973244
PLOT-017580,2.762496745973244
PLOT-017113,2.762496745973244
PLOT-018453,2.762496745973244
PLOT-017344,2.762496745973244
PLOT-015591,2.762496745973244
PLOT-017815,2.762496745973244
PLOT-016285,2.762496745973244
PLOT-018269,2.762496745973244
PLOT-015724,2.762496745973244
PLOT-017674,2.762496745973244
PLOT-018142,2.762496745973244
PLOT-018708,2.762496745973244
PLOT-016212,2.762496745973244
PLOT-018643,2.762496745973244
PLOT-017299,2.762496745973244
PLOT-018223,2.762496745973244
PLOT-016637,2.762496745973244
PLOT-018581,2.762496745973244
PLOT-018574,2.762496745973244
PLOT-018665,2.762496745973244
PLOT-015982,2.762496745973244
PLOT-015706,2.762496745973244
PLOT-017535,2.762496745973244
PLOT-016687,2.762496745973244
PLOT-018388,2.762496745973244
PLOT-015273,2.762496745973244
PLOT-016709,2.762496745973244
PLOT-018249,2.762496745973244
PLOT-018429,2.762496745973244
PLOT-015963,2.762496745973244
PLOT-017925,2.762496745973244
PLOT-018136,2.762496745973244
PLOT-018573,2.762496745973244
PLOT-018706,2.762496745973244
PLOT-017459,2.762496745973244
PLOT-018327,2.762496745973244
PLOT-018192,2.762496745973244
PLOT-016452,2.762496745973244
PLOT-017715,2.762496745973244
PLOT-015149,2.762496745973244
PLOT-017692,2.762496745973244
PLOT-017767,2.762496745973244
PLOT-016757,2.762496745973244
PLOT-015218,2.762496745973244
PLOT-015239,2.762496745973244
PLOT-016131,2.762496745973244
PLOT-018390,2.762496745973244
PLOT-017840,2.762496745973244
PLOT-017239,2.762496745973244
PLOT-017381,2.762496745973244
PLOT-016253,2.762496745973244
PLOT-016053,2.762496745973244
PLOT-018010,2.762496745973244
PLOT-016668,2.762496745973244
PLOT-018178,2.762496745973244
PLOT-018712,2.762496745973244
PLOT-016357,2.762496745973244
PLOT-015775,2.762496745973244
PLOT-017630,2.762496745973244
PLOT-017832,2.762496745973244
PLOT-018274,2.762496745973244
PLOT-015839,2.762496745973244
PLOT-015627,2.762496745973244
PLOT-015323,2.762496745973244
PLOT-018402,2.762496745973244
PLOT-018675,2.762496745973244
PLOT-016867,2.762496745973244
PLOT-016160,2.762496745973244
PLOT-017826,2.762496745973244
PLOT-016076,2.762496745973244
PLOT-017987,2.762496745973244
PLOT-015437,2.762496745973244
PLOT-015119,2.762496745973244
PLOT-018306,2.762496745973244
PLOT-018089,2.762496745973244
PLOT-018314,2.762496745973244
PLOT-016814,2.762496745973244
PLOT-016839,2.762496745973244
PLOT-016026,2.762496745973244
PLOT-015076,2.762496745973244
PLOT-015900,2.762496745973244
PLOT-015371,2.762496745973244
PLOT-016204,2.762496745973244
PLOT-018186,2.762496745973244
PLOT-018736,2.762496745973244
PLOT-015941,2.762496745973244
PLOT-017625,2.762496745973244
PLOT-017867,2.762496745973244
PLOT-015552,2.762496745973244
PLOT-015406,2.762496745973244
PLOT-017117,2.762496745973244
PLOT-016613,2.762496745973244
PLOT-017934,2.762496745973244
PLOT-015968,2.762496745973244
PLOT-017833,2.762496745973244
PLOT-018293,2.762496745973244
PLOT-018367,2.762496745973244
PLOT-017349,2.762496745973244
PLOT-016746,2.762496745973244
PLOT-015689,2.762496745973244
PLOT-017860,2.762496745973244
PLOT-016738,2.762496745973244
PLOT-015236,2.762496745973244
PLOT-018592,2.762496745973244
PLOT-016986,2.762496745973244
PLOT-016983,2.762496745973244
PLOT-017842,2.762496745973244
PLOT-015499,2.762496745973244
PLOT-015822,2.762496745973244
PLOT-015794,2.762496745973244
PLOT-018278,2.762496745973244
PLOT-015990,2.762496745973244
PLOT-015567,2.762496745973244
PLOT-017982,2.762496745973244
PLOT-017435,2.762496745973244
PLOT-015390,2.762496745973244
PLOT-015743,2.762496745973244
PLOT-017400,2.762496745973244
PLOT-016217,2.762496745973244
PLOT-015235,2.762496745973244
PLOT-018467,2.762496745973244
PLOT-015480,2.762496745973244
PLOT-017042,2.762496745973244
PLOT-017615,2.762496745973244
PLOT-016677,2.762496745973244
PLOT-018442,2.762496745973244
PLOT-018626,2.762496745973244
PLOT-018241,2.762496745973244
PLOT-018318,2.762496745973244
PLOT-015120,2.762496745973244
PLOT-018487,2.762496745973244
PLOT-018072,2.762496745973244
PLOT-016272,2.762496745973244
PLOT-015926,2.762496745973244
PLOT-017563,2.762496745973244
PLOT-016594,2.762496745973244
PLOT-015223,2.762496745973244
PLOT-015766,2.762496745973244
PLOT-015613,2.762496745973244
PLOT-017891,2.762496745973244
PLOT-016245,2.762496745973244
PLOT-016540,2.762496745973244
PLOT-015052,2.762496745973244
PLOT-015529,2.762496745973244
PLOT-017533,2.762496745973244
PLOT-016899,2.762496745973244
PLOT-018677,2.762496745973244
PLOT-015818,2.762496745973244
PLOT-015155,2.762496745973244
PLOT-017648,2.762496745973244
PLOT-018612,2.762496745973244
PLOT-015248,2.762496745973244
PLOT-015761,2.762496745973244
PLOT-016894,2.762496745973244
PLOT-017029,2.762496745973244
PLOT-018589,2.762496745973244
PLOT-016130,2.762496745973244
PLOT-015542,2.762496745973244
PLOT-015793,2.762496745973244
PLOT-016725,2.762496745973244
PLOT-018200,2.762496745973244
PLOT-015628,2.762496745973244
PLOT-017198,2.762496745973244
PLOT-018401,2.762496745973244
PLOT-017339,2.762496745973244
PLOT-017429,2.762496745973244
PLOT-018579,2.762496745973244
PLOT-017734,2.762496745973244
PLOT-016367,2.762496745973244
PLOT-016620,2.762496745973244
PLOT-017945,2.762496745973244
PLOT-018500,2.762496745973244
PLOT-017902,2.762496745973244
PLOT-016071,2.762496745973244
PLOT-015554,2.762496745973244
PLOT-016828,2.762496745973244
PLOT-015826,2.762496745973244
PLOT-016984,2.762496745973244
PLOT-018450,2.762496745973244
PLOT-016837,2.762496745973244
PLOT-017939,2.762496745973244
PLOT-015535,2.762496745973244
PLOT-018361,2.762496745973244
PLOT-017663,2.762496745973244
PLOT-015154,2.762496745973244
PLOT-018238,2.762496745973244
PLOT-018149,2.762496745973244
PLOT-017952,2.762496745973244
PLOT-018538,2.762496745973244
PLOT-015322,2.762496745973244
PLOT-016710,2.762496745973244
PLOT-015014,2.762496745973244
PLOT-016798,2.762496745973244
PLOT-018542,2.762496745973244
PLOT-015082,2.762496745973244
PLOT-017560,2.762496745973244
PLOT-016943,2.762496745973244
PLOT-016988,2.762496745973244
PLOT-017672,2.762496745973244
PLOT-016383,2.762496745973244
PLOT-016574,2.762496745973244
PLOT-017977,2.762496745973244
PLOT-018392,2.762496745973244
PLOT-017058,2.762496745973244
PLOT-018617,2.762496745973244
PLOT-016494,2.762496745973244
PLOT-015831,2.762496745973244
PLOT-017080,2.762496745973244
PLOT-016174,2.762496745973244
PLOT-015413,2.762496745973244
PLOT-017628,2.762496745973244
PLOT-016817,2.762496745973244
PLOT-015165,2.762496745973244
PLOT-018236,2.762496745973244
PLOT-018667,2.762496745973244
PLOT-015614,2.762496745973244
PLOT-018093,2.762496745973244
PLOT-016014,2.762496745973244
PLOT-017137,2.762496745973244
PLOT-018462,2.762496745973244
PLOT-018452,2.762496745973244
PLOT-017649,2.762496745973244
PLOT-016237,2.762496745973244
PLOT-017181,2.762496745973244
PLOT-015555,2.762496745973244
PLOT-018079,2.762496745973244
PLOT-018320,2.762496745973244
PLOT-017368,2.762496745973244
PLOT-018530,2.762496745973244
PLOT-016211,2.762496745973244
PLOT-018499,2.762496745973244
PLOT-015634,2.762496745973244
PLOT-017600,2.762496745973244
PLOT-016055,2.762496745973244
PLOT-017340,2.762496745973244
PLOT-016708,2.762496745973244
PLOT-015796,2.762496745973244
PLOT-017990,2.762496745973244
PLOT-018471,2.762496745973244
PLOT-015174,2.762496745973244
PLOT-017814,2.762496745973244
PLOT-015245,2.762496745973244
PLOT-016080,2.762496745973244
PLOT-016654,2.762496745973244
PLOT-018711,2.762496745973244
PLOT-015144,2.762496745973244
PLOT-015145,2.762496745973244
PLOT-015090,2.762496745973244
PLOT-015682,2.762496745973244
PLOT-015310,2.762496745973244
PLOT-015093,2.762496745973244
PLOT-018322,2.762496745973244
PLOT-016956,2.762496745973244
PLOT-015924,2.762496745973244
PLOT-018448,2.762496745973244
PLOT-016909,2.762496745973244
PLOT-016035,2.762496745973244
PLOT-016400,2.762496745973244
PLOT-017291,2.762496745973244
PLOT-016500,2.762496745973244
PLOT-018159,2.762496745973244
PLOT-017262,2.762496745973244
PLOT-016468,2.762496745973244
PLOT-015998,2.762496745973244
PLOT-015853,2.762496745973244
PLOT-017473,2.762496745973244
PLOT-017204,2.762496745973244
PLOT-016142,2.762496745973244
PLOT-016143,2.762496745973244
PLOT-017274,2.762496745973244
PLOT-017944,2.762496745973244
PLOT-017048,2.762496745973244
PLOT-015401,2.762496745973244
PLOT-016103,2.762496745973244
PLOT-015084,2.762496745973244
PLOT-017210,2.762496745973244
PLOT-018620,2.762496745973244
PLOT-015114,2.762496745973244
PLOT-017718,2.762496745973244
PLOT-018222,2.762496745973244
PLOT-018276,2.762496745973244
PLOT-016585,2.762496745973244
PLOT-016567,2.762496745973244
PLOT-017937,2.762496745973244
PLOT-016501,2.762496745973244
PLOT-016660,2.762496745973244
PLOT-016556,2.762496745973244
PLOT-017007,2.762496745973244
PLOT-015625,2.762496745973244
PLOT-016885,2.762496745973244
PLOT-018722,2.762496745973244
PLOT-016866,2.762496745973244
PLOT-015952,2.762496745973244
PLOT-017855,2.762496745973244
PLOT-017306,2.762496745973244
PLOT-015624,2.762496745973244
PLOT-017874,2.762496745973244
PLOT-015234,2.762496745973244
PLOT-017183,2.762496745973244
PLOT-017664,2.762496745973244
PLOT-018267,2.762496745973244
PLOT-017884,2.762496745973244
PLOT-017890,2.762496745973244
PLOT-017034,2.762496745973244
PLOT-018007,2.762496745973244
PLOT-016826,2.762496745973244
PLOT-018571,2.762496745973244
PLOT-017640,2.762496745973244
PLOT-016314,2.762496745973244
PLOT-016525,2.762496745973244
PLOT-016562,2.762496745973244
PLOT-016752,2.762496745973244
PLOT-016605,2.762496745973244
PLOT-015343,2.762496745973244
PLOT-018726,2.762496745973244
PLOT-017341,2.762496745973244
PLOT-017412,2.762496745973244
PLOT-017226,2.762496745973244
PLOT-017707,2.762496745973244
PLOT-015996,2.762496745973244
PLOT-017062,2.762496745973244
PLOT-016110,2.762496745973244
PLOT-017213,2.762496745973244
PLOT-018203,2.762496745973244
PLOT-016359,2.762496745973244
PLOT-017107,2.762496745973244
PLOT-015709,2.762496745973244
PLOT-016878,2.762496745973244
PLOT-017724,2.762496745973244
PLOT-016378,2.762496745973244
PLOT-017828,2.762496745973244
PLOT-015424,2.762496745973244
PLOT-015292,2.762496745973244
PLOT-016065,2.762496745973244
PLOT-017921,2.762496745973244
PLOT-017377,2.762496745973244
PLOT-016638,2.762496745973244
PLOT-017477,2.762496745973244
PLOT-016012,2.762496745973244
PLOT-017127,2.762496745973244
PLOT-016717,2.762496745973244
PLOT-018100,2.762496745973244
PLOT-015937,2.762496745973244
PLOT-015834,2.762496745973244
PLOT-017797,2.762496745973244
PLOT-017938,2.762496745973244
PLOT-015254,2.762496745973244
PLOT-018495,2.762496745973244
PLOT-016482,2.762496745973244
PLOT-018721,2.762496745973244
PLOT-016407,2.762496745973244
PLOT-018156,2.762496745973244
PLOT-018649,2.762496745973244
PLOT-017184,2.762496745973244
PLOT-018183,2.762496745973244
PLOT-018266,2.762496745973244
PLOT-017900,2.762496745973244
PLOT-018250,2.762496745973244
PLOT-015723,2.762496745973244
PLOT-017907,2.762496745973244
PLOT-015969,2.762496745973244
PLOT-015496,2.762496745973244
PLOT-015950,2.762496745973244
PLOT-015805,2.762496745973244
PLOT-016829,2.762496745973244
PLOT-017177,2.762496745973244
PLOT-016739,2.762496745973244
PLOT-015337,2.762496745973244
PLOT-015730,2.762496745973244
PLOT-015608,2.762496745973244
PLOT-016148,2.762496745973244
PLOT-017243,2.762496745973244
PLOT-018298,2.762496745973244
PLOT-016713,2.762496745973244
PLOT-018340,2.762496745973244
PLOT-018738,2.762496745973244
PLOT-015909,2.762496745973244
PLOT-017632,2.762496745973244
PLOT-017151,2.762496745973244
PLOT-017010,2.762496745973244
PLOT-017491,2.762496745973244
PLOT-018631,2.762496745973244
PLOT-016810,2.762496745973244
PLOT-016994,2.762496745973244
PLOT-015719,2.762496745973244
PLOT-017932,2.762496745973244
PLOT-017824,2.762496745973244
PLOT-016569,2.762496745973244
PLOT-017897,2.762496745973244
PLOT-017942,2.762496745973244
PLOT-017275,2.762496745973244
PLOT-015434,2.762496745973244
PLOT-016299,2.762496745973244
PLOT-017174,2.762496745973244
PLOT-015405,2.762496745973244
PLOT-017823,2.762496745973244
PLOT-015821,2.762496745973244
PLOT-017759,2.762496745973244
PLOT-016789,2.762496745973244
PLOT-018674,2.762496745973244
PLOT-018108,2.762496745973244
PLOT-018211,2.762496745973244
PLOT-017351,2.762496745973244
PLOT-017315,2.762496745973244
PLOT-016858,2.762496745973244
PLOT-016557,2.762496745973244
PLOT-015545,2.762496745973244
PLOT-015212,2.762496745973244
PLOT-015896,2.762496745973244
PLOT-018270,2.762496745973244
PLOT-016941,2.762496745973244
PLOT-016891,2.762496745973244
PLOT-015916,2.762496745973244
PLOT-017723,2.762496745973244
PLOT-016289,2.762496745973244
PLOT-015814,2.762496745973244
PLOT-016265,2.762496745973244
PLOT-015342,2.762496745973244
PLOT-017597,2.762496745973244
PLOT-016410,2.762496745973244
PLOT-016214,2.762496745973244
PLOT-015966,2.762496745973244
PLOT-016230,2.762496745973244
PLOT-017343,2.762496745973244
PLOT-015695,2.762496745973244
PLOT-017121,2.762496745973244
PLOT-015605,2.762496745973244
PLOT-015104,2.762496745973244
PLOT-015645,2.762496745973244
PLOT-016404,2.762496745973244
PLOT-015494,2.762496745973244
PLOT-018088,2.762496745973244
PLOT-017487,2.762496745973244
PLOT-016019,2.762496745973244
PLOT-015091,2.762496745973244
PLOT-016112,2.762496745973244
PLOT-018741,2.762496745973244
PLOT-015908,2.762496745973244
PLOT-016474,2.762496745973244
PLOT-016741,2.762496745973244
PLOT-017150,2.762496745973244
PLOT-015238,2.762496745973244
PLOT-018466,2.762496745973244
PLOT-015942,2.762496745973244
PLOT-016270,2.762496745973244
PLOT-015938,2.762496745973244
PLOT-016424,2.762496745973244
PLOT-018229,2.762496745973244
PLOT-016862,2.762496745973244
PLOT-016669,2.762496745973244
PLOT-015005,2.762496745973244
PLOT-015247,2.762496745973244
PLOT-018013,2.762496745973244
PLOT-015018,2.762496745973244
PLOT-017169,2.762496745973244
PLOT-016970,2.762496745973244
PLOT-017709,2.762496745973244
PLOT-017232,2.762496745973244
PLOT-017322,2.762496745973244
PLOT-017481,2.762496745973244
PLOT-015811,2.762496745973244
PLOT-016300,2.762496745973244
PLOT-016335,2.762496745973244
PLOT-018632,2.762496745973244
PLOT-015260,2.762496745973244
PLOT-016804,2.762496745973244
PLOT-016570,2.762496745973244
PLOT-017229,2.762496745973244
PLOT-015184,2.762496745973244
PLOT-017454,2.762496745973244
PLOT-016743,2.762496745973244
PLOT-017913,2.762496745973244
PLOT-016630,2.762496745973244
PLOT-016716,2.762496745973244
PLOT-015520,2.762496745973244
PLOT-018051,2.762496745973244
PLOT-017428,2.762496745973244
PLOT-017016,2.762496745973244
PLOT-016658,2.762496745973244
PLOT-018441,2.762496745973244
PLOT-016612,2.762496745973244
PLOT-017475,2.762496745973244
PLOT-017126,2.762496745973244
PLOT-018057,2.762496745973244
PLOT-018734,2.762496745973244
PLOT-015607,2.762496745973244
PLOT-015230,2.762496745973244
PLOT-018140,2.762496745973244
PLOT-015331,2.762496745973244
PLOT-018105,2.762496745973244
PLOT-016440,2.762496745973244
PLOT-016927,2.762496745973244
PLOT-016091,2.762496745973244
PLOT-016101,2.762496745973244
PLOT-016129,2.762496745973244
PLOT-018283,2.762496745973244
PLOT-015461,2.762496745973244
PLOT-015958,2.762496745973244
PLOT-016662,2.762496745973244
PLOT-015559,2.762496745973244
PLOT-017894,2.762496745973244
PLOT-017738,2.762496745973244
PLOT-018526,2.762496745973244
PLOT-016519,2.762496745973244
PLOT-017140,2.762496745973244
PLOT-018630,2.762496745973244
PLOT-017032,2.762496745973244
PLOT-017484,2.762496745973244
PLOT-017538,2.762496745973244
PLOT-017097,2.762496745973244
PLOT-018435,2.762496745973244
PLOT-018565,2.762496745973244
PLOT-015069,2.762496745973244
PLOT-016572,2.762496745973244
PLOT-015808,2.762496745973244
PLOT-018232,2.762496745973244
PLOT-015011,2.762496745973244
PLOT-017025,2.762496745973244
PLOT-017192,2.762496745973244
PLOT-015917,2.762496745973244
PLOT-016451,2.762496745973244
PLOT-017687,2.762496745973244
PLOT-015176,2.762496745973244
PLOT-015994,2.762496745973244
PLOT-017488,2.762496745973244
PLOT-017569,2.762496745973244
PLOT-018740,2.762496745973244
PLOT-018052,2.762496745973244
PLOT-016255,2.762496745973244
PLOT-018282,2.762496745973244
PLOT-016664,2.762496745973244
PLOT-017191,2.762496745973244
PLOT-017801,2.762496745973244
PLOT-017567,2.762496745973244
PLOT-018370,2.762496745973244
PLOT-017870,2.762496745973244
PLOT-016790,2.762496745973244
PLOT-017476,2.762496745973244
PLOT-017660,2.762496745973244
PLOT-018080,2.762496745973244
PLOT-015156,2.762496745973244
PLOT-017587,2.762496745973244
PLOT-016460,2.762496745973244
PLOT-017046,2.762496745973244
PLOT-018338,2.762496745973244
PLOT-016850,2.762496745973244
PLOT-017509,2.762496745973244
PLOT-017624,2.762496745973244
PLOT-018410,2.762496745973244
PLOT-017303,2.762496745973244
PLOT-018027,2.762496745973244
PLOT-017005,2.762496745973244
PLOT-016185,2.762496745973244
PLOT-016006,2.762496745973244
PLOT-015560,2.762496745973244
PLOT-017256,2.762496745973244
PLOT-015910,2.762496745973244
PLOT-016311,2.762496745973244
PLOT-017049,2.762496745973244
PLOT-018413,2.762496745973244
PLOT-015269,2.762496745973244
PLOT-016993,2.762496745973244
PLOT-015265,2.762496745973244
PLOT-015914,2.762496745973244
PLOT-017278,2.762496745973244
PLOT-017231,2.762496745973244
PLOT-018167,2.762496745973244
PLOT-018732,2.762496745973244
PLOT-017912,2.762496745973244
PLOT-018114,2.762496745973244
PLOT-015873,2.762496745973244
PLOT-017093,2.762496745973244
PLOT-017446,2.762496745973244
PLOT-015475,2.762496745973244
PLOT-016652,2.762496745973244
PLOT-016960,2.762496745973244
PLOT-015045,2.762496745973244
PLOT-015161,2.762496745973244
PLOT-018039,2.762496745973244
PLOT-017775,2.762496745973244
PLOT-017677,2.762496745973244
PLOT-015288,2.762496745973244
PLOT-018107,2.762496745973244
PLOT-018718,2.762496745973244
PLOT-016948,2.762496745973244
PLOT-015575,2.762496745973244
PLOT-015850,2.762496745973244
PLOT-018387,2.762496745973244
PLOT-015911,2.762496745973244
PLOT-016254,2.762496745973244
PLOT-016833,2.762496745973244
PLOT-016722,2.762496745973244
PLOT-017133,2.762496745973244
PLOT-016735,2.762496745973244
PLOT-015932,2.762496745973244
PLOT-016100,2.762496745973244
PLOT-016207,2.762496745973244
PLOT-017295,2.762496745973244
PLOT-016843,2.762496745973244
PLOT-016848,2.762496745973244
PLOT-017524,2.762496745973244
PLOT-016694,2.762496745973244
PLOT-015085,2.762496745973244
PLOT-015469,2.762496745973244
PLOT-017273,2.762496745973244
PLOT-017822,2.762496745973244
PLOT-017379,2.762496745973244
PLOT-015233,2.762496745973244
PLOT-017636,2.762496745973244
PLOT-017523,2.762496745973244
PLOT-018332,2.762496745973244
PLOT-018699,2.762496745973244
PLOT-017647,2.762496745973244
PLOT-017469,2.762496745973244
PLOT-016711,2.762496745973244
PLOT-015182,2.762496745973244
PLOT-015988,2.762496745973244
PLOT-016000,2.762496745973244
PLOT-016641,2.762496745973244
PLOT-016356,2.762496745973244
PLOT-016462,2.762496745973244
PLOT-015049,2.762496745973244
PLOT-018637,2.762496745973244
PLOT-018077,2.762496745973244
PLOT-017577,2.762496745973244
PLOT-016258,2.762496745973244
PLOT-015486,2.762496745973244
PLOT-018715,2.762496745973244
PLOT-017545,2.762496745973244
PLOT-016908,2.762496745973244
PLOT-015106,2.762496745973244
PLOT-015443,2.762496745973244
PLOT-016954,2.762496745973244
PLOT-018560,2.762496745973244
PLOT-015646,2.762496745973244
PLOT-018084,2.762496745973244
PLOT-016762,2.762496745973244
PLOT-015726,2.762496745973244
PLOT-017238,2.762496745973244
PLOT-016856,2.762496745973244
PLOT-017330,2.762496745973244
PLOT-015029,2.762496745973244
PLOT-015169,2.762496745973244
PLOT-016001,2.762496745973244
PLOT-018252,2.762496745973244
PLOT-017148,2.762496745973244
PLOT-015197,2.762496745973244
PLOT-015495,2.762496745973244
PLOT-017026,2.762496745973244
PLOT-015647,2.762496745973244
PLOT-018035,2.762496745973244
PLOT-015044,2.762496745973244
PLOT-017758,2.762496745973244
PLOT-015373,2.762496745973244
PLOT-015678,2.762496745973244
PLOT-015566,2.762496745973244
PLOT-017895,2.762496745973244
PLOT-015460,2.762496745973244
PLOT-016932,2.762496745973244
PLOT-018485,2.762496745973244
PLOT-016155,2.762496745973244
PLOT-015039,2.762496745973244
PLOT-017482,2.762496745973244
PLOT-015973,2.762496745973244
PLOT-018287,2.762496745973244
PLOT-018055,2.762496745973244
PLOT-018627,2.762496745973244
PLOT-018638,2.762496745973244
PLOT-016786,2.762496745973244
PLOT-016498,2.762496745973244
PLOT-017504,2.762496745973244
PLOT-016835,2.762496745973244
PLOT-017308,2.762496745973244
PLOT-016840,2.762496745973244
PLOT-017083,2.762496745973244
PLOT-015827,2.762496745973244
PLOT-016935,2.762496745973244
PLOT-017044,2.762496745973244
PLOT-015309,2.762496745973244
PLOT-015276,2.762496745973244
PLOT-015636,2.762496745973244
PLOT-015654,2.762496745973244
PLOT-015622,2.762496745973244
PLOT-016859,2.762496745973244
PLOT-015844,2.762496745973244
PLOT-015393,2.762496745973244
PLOT-017155,2.762496745973244
PLOT-015349,2.762496745973244
PLOT-017572,2.762496745973244
PLOT-015784,2.762496745973244
PLOT-015047,2.762496745973244
PLOT-016978,2.762496745973244
PLOT-017251,2.762496745973244
PLOT-018651,2.762496745973244
PLOT-016655,2.762496745973244
PLOT-017069,2.762496745973244
PLOT-015402,2.762496745973244
PLOT-016107,2.762496745973244
PLOT-016154,2.762496745973244
PLOT-016439,2.762496745973244
PLOT-018749,2.762496745973244
PLOT-017001,2.762496745973244
PLOT-015989,2.762496745973244
PLOT-016865,2.762496745973244
PLOT-017789,2.762496745973244
PLOT-016310,2.762496745973244
PLOT-018195,2.762496745973244
PLOT-015033,2.762496745973244
PLOT-015787,2.762496745973244
PLOT-018588,2.762496745973244
PLOT-017971,2.762496745973244
PLOT-016043,2.762496745973244
PLOT-015481,2.762496745973244
PLOT-016243,2.762496745973244
PLOT-017627,2.762496745973244
PLOT-017529,2.762496745973244
PLOT-015931,2.762496745973244
PLOT-017404,2.762496745973244
PLOT-016685,2.762496745973244
PLOT-016248,2.762496745973244
PLOT-015759,2.762496745973244
PLOT-015092,2.762496745973244
PLOT-016175,2.762496745973244
PLOT-016415,2.762496745973244
PLOT-016341,2.762496745973244
PLOT-016472,2.762496745973244
PLOT-017851,2.762496745973244
PLOT-017793,2.762496745973244
PLOT-018594,2.762496745973244
PLOT-017327,2.762496745973244
PLOT-016607,2.762496745973244
PLOT-015764,2.762496745973244
PLOT-017652,2.762496745973244
PLOT-018747,2.762496745973244
PLOT-016373,2.762496745973244
PLOT-016951,2.762496745973244
PLOT-018446,2.762496745973244
PLOT-017448,2.762496745973244
PLOT-016728,2.762496745973244
PLOT-015257,2.762496745973244
PLOT-015944,2.762496745973244
PLOT-018144,2.762496745973244
PLOT-016219,2.762496745973244
PLOT-018555,2.762496745973244
PLOT-016161,2.762496745973244
PLOT-017542,2.762496745973244
PLOT-015772,2.762496745973244
PLOT-017598,2.762496745973244
PLOT-016486,2.762496745973244
PLOT-017249,2.762496745973244
PLOT-015312,2.762496745973244
PLOT-015290,2.762496745973244
PLOT-018261,2.762496745973244
PLOT-015763,2.762496745973244
PLOT-018184,2.762496745973244
PLOT-017997,2.762496745973244
PLOT-015183,2.762496745973244
PLOT-016176,2.762496745973244
PLOT-016349,2.762496745973244
PLOT-018116,2.762496745973244
PLOT-018516,2.762496745973244
PLOT-018078,2.762496745973244
PLOT-017298,2.762496745973244
PLOT-017871,2.762496745973244
PLOT-016099,2.762496745973244
PLOT-018584,2.762496745973244
PLOT-017988,2.762496745973244
PLOT-015391,2.762496745973244
PLOT-016919,2.762496745973244
PLOT-016456,2.762496745973244
PLOT-016092,2.762496745973244
PLOT-017022,2.762496745973244
PLOT-018239,2.762496745973244
PLOT-015904,2.762496745973244
PLOT-017778,2.762496745973244
PLOT-017602,2.762496745973244
PLOT-015366,2.762496745973244
PLOT-015345,2.762496745973244
PLOT-018656,2.762496745973244
PLOT-017583,2.762496745973244
PLOT-018470,2.762496745973244
PLOT-018257,2.762496745973244
PLOT-016372,2.762496745973244
PLOT-016639,2.762496745973244
PLOT-015919,2.762496745973244
PLOT-015211,2.762496745973244
PLOT-016603,2.762496745973244
PLOT-017550,2.762496745973244
PLOT-015537,2.762496745973244
PLOT-016220,2.762496745973244
PLOT-015175,2.762496745973244
